sample,dataset,type,rotation,bits,dims,recall10,recall100,recall10in100
100k,emb_clip,BFloat16,original,1,128,0.0,0.001,0.0
100k,emb_clip,BFloat16,original,1,256,0.0,0.001,0.0
100k,emb_clip,BFloat16,original,1,384,0.0,0.001,0.0
100k,emb_clip,BFloat16,original,1,512,0.0,0.001,0.0
100k,emb_clip,BFloat16,original,1,640,0.0,0.001,0.0
100k,emb_clip,BFloat16,original,1,768,0.0,0.001,0.0
100k,emb_clip,BFloat16,original,2,128,0.0,0.001,0.0
100k,emb_clip,BFloat16,original,2,256,0.0,0.001,0.0
100k,emb_clip,BFloat16,original,2,384,0.0,0.001,0.0
100k,emb_clip,BFloat16,original,2,512,0.0,0.001,0.0
100k,emb_clip,BFloat16,original,2,640,0.0,0.001,0.0
100k,emb_clip,BFloat16,original,2,768,0.0,0.001,0.0
100k,emb_clip,BFloat16,original,3,128,0.325,0.3055,0.685
100k,emb_clip,BFloat16,original,3,256,0.49,0.4585,0.855
100k,emb_clip,BFloat16,original,3,384,0.535,0.5395,0.895
100k,emb_clip,BFloat16,original,3,512,0.63,0.595,0.965
100k,emb_clip,BFloat16,original,3,640,0.625,0.6445,0.98
100k,emb_clip,BFloat16,original,3,768,0.695,0.6735,0.995
100k,emb_clip,BFloat16,original,4,128,0.325,0.3055,0.685
100k,emb_clip,BFloat16,original,4,256,0.49,0.4585,0.855
100k,emb_clip,BFloat16,original,4,384,0.535,0.5395,0.895
100k,emb_clip,BFloat16,original,4,512,0.63,0.595,0.965
100k,emb_clip,BFloat16,original,4,640,0.625,0.6445,0.98
100k,emb_clip,BFloat16,original,4,768,0.695,0.6735,0.995
100k,emb_clip,BFloat16,original,5,128,0.33,0.306,0.68
100k,emb_clip,BFloat16,original,5,256,0.48,0.459,0.855
100k,emb_clip,BFloat16,original,5,384,0.535,0.543,0.9
100k,emb_clip,BFloat16,original,5,512,0.635,0.597,0.96
100k,emb_clip,BFloat16,original,5,640,0.64,0.646,0.98
100k,emb_clip,BFloat16,original,5,768,0.695,0.6735,0.995
100k,emb_clip,BFloat16,original,6,128,0.435,0.37,0.765
100k,emb_clip,BFloat16,original,6,256,0.53,0.513,0.89
100k,emb_clip,BFloat16,original,6,384,0.565,0.602,0.95
100k,emb_clip,BFloat16,original,6,512,0.66,0.6605,1.0
100k,emb_clip,BFloat16,original,6,640,0.695,0.689,1.0
100k,emb_clip,BFloat16,original,6,768,0.735,0.7245,1.0
100k,emb_clip,BFloat16,original,7,128,0.41,0.362,0.745
100k,emb_clip,BFloat16,original,7,256,0.43,0.4195,0.735
100k,emb_clip,BFloat16,original,7,384,0.51,0.529,0.89
100k,emb_clip,BFloat16,original,7,512,0.55,0.5945,0.895
100k,emb_clip,BFloat16,original,7,640,0.58,0.6245,0.935
100k,emb_clip,BFloat16,original,7,768,0.56,0.5985,0.915
100k,emb_clip,BFloat16,original,8,128,0.4,0.4075,0.785
100k,emb_clip,BFloat16,original,8,256,0.495,0.5125,0.875
100k,emb_clip,BFloat16,original,8,384,0.59,0.6095,0.955
100k,emb_clip,BFloat16,original,8,512,0.41,0.412,0.62
100k,emb_clip,BFloat16,original,8,640,0.495,0.477,0.73
100k,emb_clip,BFloat16,original,8,768,0.4,0.409,0.6
100k,emb_clip,BFloat16,original,9,128,0.475,0.437,0.83
100k,emb_clip,BFloat16,original,9,256,0.57,0.557,0.925
100k,emb_clip,BFloat16,original,9,384,0.625,0.664,0.99
100k,emb_clip,BFloat16,original,9,512,0.64,0.6375,0.92
100k,emb_clip,BFloat16,original,9,640,0.715,0.7145,0.97
100k,emb_clip,BFloat16,original,9,768,0.71,0.6935,0.985
100k,emb_clip,BFloat16,original,10,128,0.485,0.4365,0.82
100k,emb_clip,BFloat16,original,10,256,0.585,0.558,0.935
100k,emb_clip,BFloat16,original,10,384,0.62,0.6665,0.995
100k,emb_clip,BFloat16,original,10,512,0.775,0.7785,0.995
100k,emb_clip,BFloat16,original,10,640,0.845,0.841,1.0
100k,emb_clip,BFloat16,original,10,768,0.905,0.91,1.0
100k,emb_clip,BFloat16,original,11,128,0.5,0.4445,0.825
100k,emb_clip,BFloat16,original,11,256,0.58,0.57,0.935
100k,emb_clip,BFloat16,original,11,384,0.635,0.677,0.995
100k,emb_clip,BFloat16,original,11,512,0.815,0.8225,1.0
100k,emb_clip,BFloat16,original,11,640,0.88,0.873,1.0
100k,emb_clip,BFloat16,original,11,768,0.945,0.9555,1.0
100k,emb_clip,BFloat16,original,12,128,0.49,0.4465,0.825
100k,emb_clip,BFloat16,original,12,256,0.59,0.5695,0.945
100k,emb_clip,BFloat16,original,12,384,0.635,0.677,0.995
100k,emb_clip,BFloat16,original,12,512,0.84,0.8245,1.0
100k,emb_clip,BFloat16,original,12,640,0.905,0.8745,1.0
100k,emb_clip,BFloat16,original,12,768,0.965,0.968,1.0
100k,emb_clip,BFloat16,original,13,128,0.495,0.4455,0.835
100k,emb_clip,BFloat16,original,13,256,0.585,0.5705,0.95
100k,emb_clip,BFloat16,original,13,384,0.64,0.6775,0.995
100k,emb_clip,BFloat16,original,13,512,0.845,0.824,1.0
100k,emb_clip,BFloat16,original,13,640,0.91,0.877,1.0
100k,emb_clip,BFloat16,original,13,768,0.98,0.979,1.0
100k,emb_clip,BFloat16,original,14,128,0.5,0.444,0.835
100k,emb_clip,BFloat16,original,14,256,0.59,0.5715,0.945
100k,emb_clip,BFloat16,original,14,384,0.645,0.6755,0.995
100k,emb_clip,BFloat16,original,14,512,0.85,0.8235,1.0
100k,emb_clip,BFloat16,original,14,640,0.915,0.878,1.0
100k,emb_clip,BFloat16,original,14,768,1.0,0.989,1.0
100k,emb_clip,BFloat16,original,15,128,0.505,0.445,0.83
100k,emb_clip,BFloat16,original,15,256,0.585,0.572,0.945
100k,emb_clip,BFloat16,original,15,384,0.645,0.6755,0.995
100k,emb_clip,BFloat16,original,15,512,0.845,0.8225,1.0
100k,emb_clip,BFloat16,original,15,640,0.92,0.8775,1.0
100k,emb_clip,BFloat16,original,15,768,1.0,0.993,1.0
100k,emb_clip,BFloat16,original,16,128,0.505,0.445,0.835
100k,emb_clip,BFloat16,original,16,256,0.58,0.5725,0.945
100k,emb_clip,BFloat16,original,16,384,0.645,0.676,0.995
100k,emb_clip,BFloat16,original,16,512,0.845,0.822,1.0
100k,emb_clip,BFloat16,original,16,640,0.92,0.88,1.0
100k,emb_clip,BFloat16,original,16,768,1.0,1.0,1.0
100k,emb_clip,BFloat16,rotated,1,128,0.0,0.001,0.0
100k,emb_clip,BFloat16,rotated,1,256,0.0,0.001,0.0
100k,emb_clip,BFloat16,rotated,1,384,0.0,0.001,0.0
100k,emb_clip,BFloat16,rotated,1,512,0.0,0.001,0.0
100k,emb_clip,BFloat16,rotated,1,640,0.0,0.001,0.0
100k,emb_clip,BFloat16,rotated,1,768,0.0,0.001,0.0
100k,emb_clip,BFloat16,rotated,2,128,0.0,0.001,0.0
100k,emb_clip,BFloat16,rotated,2,256,0.0,0.001,0.0
100k,emb_clip,BFloat16,rotated,2,384,0.0,0.001,0.0
100k,emb_clip,BFloat16,rotated,2,512,0.0,0.001,0.0
100k,emb_clip,BFloat16,rotated,2,640,0.0,0.001,0.0
100k,emb_clip,BFloat16,rotated,2,768,0.0,0.001,0.0
100k,emb_clip,BFloat16,rotated,3,128,0.205,0.2685,0.625
100k,emb_clip,BFloat16,rotated,3,256,0.41,0.45,0.81
100k,emb_clip,BFloat16,rotated,3,384,0.47,0.548,0.91
100k,emb_clip,BFloat16,rotated,3,512,0.56,0.6135,0.96
100k,emb_clip,BFloat16,rotated,3,640,0.585,0.6565,0.975
100k,emb_clip,BFloat16,rotated,3,768,0.65,0.687,0.995
100k,emb_clip,BFloat16,rotated,4,128,0.205,0.2685,0.625
100k,emb_clip,BFloat16,rotated,4,256,0.41,0.45,0.81
100k,emb_clip,BFloat16,rotated,4,384,0.47,0.548,0.91
100k,emb_clip,BFloat16,rotated,4,512,0.56,0.6135,0.96
100k,emb_clip,BFloat16,rotated,4,640,0.585,0.6565,0.975
100k,emb_clip,BFloat16,rotated,4,768,0.65,0.687,0.995
100k,emb_clip,BFloat16,rotated,5,128,0.2,0.2675,0.625
100k,emb_clip,BFloat16,rotated,5,256,0.405,0.4515,0.815
100k,emb_clip,BFloat16,rotated,5,384,0.475,0.549,0.91
100k,emb_clip,BFloat16,rotated,5,512,0.545,0.614,0.965
100k,emb_clip,BFloat16,rotated,5,640,0.585,0.658,0.975
100k,emb_clip,BFloat16,rotated,5,768,0.655,0.688,0.995
100k,emb_clip,BFloat16,rotated,6,128,0.285,0.348,0.705
100k,emb_clip,BFloat16,rotated,6,256,0.46,0.5375,0.92
100k,emb_clip,BFloat16,rotated,6,384,0.575,0.631,0.975
100k,emb_clip,BFloat16,rotated,6,512,0.635,0.6885,0.985
100k,emb_clip,BFloat16,rotated,6,640,0.695,0.731,0.995
100k,emb_clip,BFloat16,rotated,6,768,0.715,0.761,1.0
100k,emb_clip,BFloat16,rotated,7,128,0.29,0.35,0.71
100k,emb_clip,BFloat16,rotated,7,256,0.48,0.527,0.915
100k,emb_clip,BFloat16,rotated,7,384,0.575,0.622,0.97
100k,emb_clip,BFloat16,rotated,7,512,0.625,0.6765,0.97
100k,emb_clip,BFloat16,rotated,7,640,0.69,0.7105,0.975
100k,emb_clip,BFloat16,rotated,7,768,0.72,0.7385,0.98
100k,emb_clip,BFloat16,rotated,8,128,0.43,0.4535,0.835
100k,emb_clip,BFloat16,rotated,8,256,0.57,0.6285,0.975
100k,emb_clip,BFloat16,rotated,8,384,0.67,0.7045,0.995
100k,emb_clip,BFloat16,rotated,8,512,0.74,0.765,0.995
100k,emb_clip,BFloat16,rotated,8,640,0.79,0.8075,1.0
100k,emb_clip,BFloat16,rotated,8,768,0.845,0.858,1.0
100k,emb_clip,BFloat16,rotated,9,128,0.465,0.51,0.89
100k,emb_clip,BFloat16,rotated,9,256,0.625,0.6815,0.99
100k,emb_clip,BFloat16,rotated,9,384,0.695,0.768,1.0
100k,emb_clip,BFloat16,rotated,9,512,0.765,0.829,1.0
100k,emb_clip,BFloat16,rotated,9,640,0.855,0.866,1.0
100k,emb_clip,BFloat16,rotated,9,768,0.88,0.9075,1.0
100k,emb_clip,BFloat16,rotated,10,128,0.515,0.5355,0.91
100k,emb_clip,BFloat16,rotated,10,256,0.665,0.705,1.0
100k,emb_clip,BFloat16,rotated,10,384,0.735,0.798,1.0
100k,emb_clip,BFloat16,rotated,10,512,0.82,0.854,1.0
100k,emb_clip,BFloat16,rotated,10,640,0.875,0.8945,1.0
100k,emb_clip,BFloat16,rotated,10,768,0.95,0.9545,1.0
100k,emb_clip,BFloat16,rotated,11,128,0.515,0.546,0.92
100k,emb_clip,BFloat16,rotated,11,256,0.685,0.7215,0.995
100k,emb_clip,BFloat16,rotated,11,384,0.77,0.8065,1.0
100k,emb_clip,BFloat16,rotated,11,512,0.845,0.8595,1.0
100k,emb_clip,BFloat16,rotated,11,640,0.895,0.906,1.0
100k,emb_clip,BFloat16,rotated,11,768,0.965,0.9755,1.0
100k,emb_clip,BFloat16,rotated,12,128,0.52,0.551,0.915
100k,emb_clip,BFloat16,rotated,12,256,0.685,0.7225,1.0
100k,emb_clip,BFloat16,rotated,12,384,0.78,0.807,1.0
100k,emb_clip,BFloat16,rotated,12,512,0.85,0.8605,1.0
100k,emb_clip,BFloat16,rotated,12,640,0.915,0.9095,1.0
100k,emb_clip,BFloat16,rotated,12,768,0.985,0.99,1.0
100k,emb_clip,BFloat16,rotated,13,128,0.53,0.552,0.915
100k,emb_clip,BFloat16,rotated,13,256,0.69,0.723,1.0
100k,emb_clip,BFloat16,rotated,13,384,0.785,0.808,1.0
100k,emb_clip,BFloat16,rotated,13,512,0.845,0.862,1.0
100k,emb_clip,BFloat16,rotated,13,640,0.915,0.91,1.0
100k,emb_clip,BFloat16,rotated,13,768,0.99,0.9955,1.0
100k,emb_clip,BFloat16,rotated,14,128,0.53,0.552,0.915
100k,emb_clip,BFloat16,rotated,14,256,0.685,0.7225,1.0
100k,emb_clip,BFloat16,rotated,14,384,0.775,0.8095,1.0
100k,emb_clip,BFloat16,rotated,14,512,0.845,0.8625,1.0
100k,emb_clip,BFloat16,rotated,14,640,0.915,0.911,1.0
100k,emb_clip,BFloat16,rotated,14,768,1.0,0.9965,1.0
100k,emb_clip,BFloat16,rotated,15,128,0.535,0.5525,0.915
100k,emb_clip,BFloat16,rotated,15,256,0.68,0.723,1.0
100k,emb_clip,BFloat16,rotated,15,384,0.775,0.8085,1.0
100k,emb_clip,BFloat16,rotated,15,512,0.84,0.8615,1.0
100k,emb_clip,BFloat16,rotated,15,640,0.915,0.911,1.0
100k,emb_clip,BFloat16,rotated,15,768,1.0,0.998,1.0
100k,emb_clip,BFloat16,rotated,16,128,0.54,0.552,0.915
100k,emb_clip,BFloat16,rotated,16,256,0.68,0.7235,1.0
100k,emb_clip,BFloat16,rotated,16,384,0.775,0.808,1.0
100k,emb_clip,BFloat16,rotated,16,512,0.845,0.862,1.0
100k,emb_clip,BFloat16,rotated,16,640,0.915,0.9095,1.0
100k,emb_clip,BFloat16,rotated,16,768,1.0,0.9985,1.0
100k,emb_clip,Int8,original,1,128,0.325,0.306,0.685
100k,emb_clip,Int8,original,1,256,0.49,0.4595,0.855
100k,emb_clip,Int8,original,1,384,0.535,0.5405,0.895
100k,emb_clip,Int8,original,1,512,0.63,0.5945,0.965
100k,emb_clip,Int8,original,1,640,0.63,0.644,0.98
100k,emb_clip,Int8,original,1,768,0.7,0.6745,0.995
100k,emb_clip,Int8,original,2,128,0.425,0.4035,0.795
100k,emb_clip,Int8,original,2,256,0.57,0.537,0.9
100k,emb_clip,Int8,original,2,384,0.615,0.6325,0.96
100k,emb_clip,Int8,original,2,512,0.715,0.7135,0.995
100k,emb_clip,Int8,original,2,640,0.735,0.7455,1.0
100k,emb_clip,Int8,original,2,768,0.785,0.7865,1.0
100k,emb_clip,Int8,original,3,128,0.455,0.43,0.84
100k,emb_clip,Int8,original,3,256,0.57,0.58,0.915
100k,emb_clip,Int8,original,3,384,0.615,0.669,0.995
100k,emb_clip,Int8,original,3,512,0.73,0.7595,1.0
100k,emb_clip,Int8,original,3,640,0.79,0.7915,1.0
100k,emb_clip,Int8,original,3,768,0.835,0.847,1.0
100k,emb_clip,Int8,original,4,128,0.47,0.4485,0.83
100k,emb_clip,Int8,original,4,256,0.6,0.5865,0.935
100k,emb_clip,Int8,original,4,384,0.645,0.6765,0.995
100k,emb_clip,Int8,original,4,512,0.785,0.782,1.0
100k,emb_clip,Int8,original,4,640,0.84,0.8095,1.0
100k,emb_clip,Int8,original,4,768,0.885,0.878,1.0
100k,emb_clip,Int8,original,5,128,0.485,0.442,0.835
100k,emb_clip,Int8,original,5,256,0.6,0.5905,0.945
100k,emb_clip,Int8,original,5,384,0.66,0.682,0.995
100k,emb_clip,Int8,original,5,512,0.795,0.789,1.0
100k,emb_clip,Int8,original,5,640,0.85,0.821,1.0
100k,emb_clip,Int8,original,5,768,0.905,0.898,1.0
100k,emb_clip,Int8,original,6,128,0.49,0.445,0.825
100k,emb_clip,Int8,original,6,256,0.6,0.5885,0.95
100k,emb_clip,Int8,original,6,384,0.655,0.681,0.995
100k,emb_clip,Int8,original,6,512,0.805,0.7935,1.0
100k,emb_clip,Int8,original,6,640,0.87,0.8215,1.0
100k,emb_clip,Int8,original,6,768,0.915,0.906,1.0
100k,emb_clip,Int8,original,7,128,0.495,0.4445,0.835
100k,emb_clip,Int8,original,7,256,0.6,0.5885,0.95
100k,emb_clip,Int8,original,7,384,0.66,0.683,0.995
100k,emb_clip,Int8,original,7,512,0.805,0.795,1.0
100k,emb_clip,Int8,original,7,640,0.865,0.825,1.0
100k,emb_clip,Int8,original,7,768,0.93,0.915,1.0
100k,emb_clip,Int8,original,8,128,0.495,0.4455,0.84
100k,emb_clip,Int8,original,8,256,0.595,0.587,0.95
100k,emb_clip,Int8,original,8,384,0.65,0.6845,0.995
100k,emb_clip,Int8,original,8,512,0.81,0.801,1.0
100k,emb_clip,Int8,original,8,640,0.86,0.8295,1.0
100k,emb_clip,Int8,original,8,768,0.935,0.916,1.0
100k,emb_clip,Int8,rotated,1,128,0.2,0.2665,0.625
100k,emb_clip,Int8,rotated,1,256,0.41,0.45,0.81
100k,emb_clip,Int8,rotated,1,384,0.465,0.547,0.91
100k,emb_clip,Int8,rotated,1,512,0.55,0.6125,0.96
100k,emb_clip,Int8,rotated,1,640,0.585,0.6585,0.975
100k,emb_clip,Int8,rotated,1,768,0.65,0.687,0.995
100k,emb_clip,Int8,rotated,2,128,0.37,0.45,0.855
100k,emb_clip,Int8,rotated,2,256,0.59,0.6175,0.96
100k,emb_clip,Int8,rotated,2,384,0.715,0.6965,0.99
100k,emb_clip,Int8,rotated,2,512,0.75,0.756,0.99
100k,emb_clip,Int8,rotated,2,640,0.8,0.8045,1.0
100k,emb_clip,Int8,rotated,2,768,0.805,0.839,1.0
100k,emb_clip,Int8,rotated,3,128,0.5,0.5075,0.9
100k,emb_clip,Int8,rotated,3,256,0.67,0.688,0.99
100k,emb_clip,Int8,rotated,3,384,0.76,0.7615,0.995
100k,emb_clip,Int8,rotated,3,512,0.81,0.817,1.0
100k,emb_clip,Int8,rotated,3,640,0.855,0.8655,1.0
100k,emb_clip,Int8,rotated,3,768,0.925,0.909,1.0
100k,emb_clip,Int8,rotated,4,128,0.525,0.53,0.93
100k,emb_clip,Int8,rotated,4,256,0.655,0.709,1.0
100k,emb_clip,Int8,rotated,4,384,0.73,0.7935,1.0
100k,emb_clip,Int8,rotated,4,512,0.82,0.845,1.0
100k,emb_clip,Int8,rotated,4,640,0.895,0.8975,1.0
100k,emb_clip,Int8,rotated,4,768,0.945,0.9425,1.0
100k,emb_clip,Int8,rotated,5,128,0.525,0.549,0.92
100k,emb_clip,Int8,rotated,5,256,0.685,0.7185,1.0
100k,emb_clip,Int8,rotated,5,384,0.785,0.8005,1.0
100k,emb_clip,Int8,rotated,5,512,0.845,0.8585,1.0
100k,emb_clip,Int8,rotated,5,640,0.89,0.8995,1.0
100k,emb_clip,Int8,rotated,5,768,0.97,0.9655,1.0
100k,emb_clip,Int8,rotated,6,128,0.515,0.551,0.92
100k,emb_clip,Int8,rotated,6,256,0.685,0.726,1.0
100k,emb_clip,Int8,rotated,6,384,0.78,0.806,1.0
100k,emb_clip,Int8,rotated,6,512,0.85,0.8635,1.0
100k,emb_clip,Int8,rotated,6,640,0.91,0.9085,1.0
100k,emb_clip,Int8,rotated,6,768,0.98,0.981,1.0
100k,emb_clip,Int8,rotated,7,128,0.525,0.55,0.915
100k,emb_clip,Int8,rotated,7,256,0.69,0.724,1.0
100k,emb_clip,Int8,rotated,7,384,0.79,0.807,1.0
100k,emb_clip,Int8,rotated,7,512,0.85,0.8625,1.0
100k,emb_clip,Int8,rotated,7,640,0.91,0.91,1.0
100k,emb_clip,Int8,rotated,7,768,0.99,0.989,1.0
100k,emb_clip,Int8,rotated,8,128,0.54,0.551,0.915
100k,emb_clip,Int8,rotated,8,256,0.685,0.724,1.0
100k,emb_clip,Int8,rotated,8,384,0.77,0.8085,1.0
100k,emb_clip,Int8,rotated,8,512,0.845,0.863,1.0
100k,emb_clip,Int8,rotated,8,640,0.915,0.911,1.0
100k,emb_clip,Int8,rotated,8,768,0.99,0.996,1.0
100k,emb_nomic,BFloat16,original,1,128,0.0,0.0005,0.005
100k,emb_nomic,BFloat16,original,1,256,0.0,0.0005,0.005
100k,emb_nomic,BFloat16,original,1,384,0.0,0.0005,0.005
100k,emb_nomic,BFloat16,original,1,512,0.0,0.0005,0.005
100k,emb_nomic,BFloat16,original,1,640,0.0,0.0005,0.005
100k,emb_nomic,BFloat16,original,1,768,0.0,0.0005,0.005
100k,emb_nomic,BFloat16,original,2,128,0.0,0.0005,0.005
100k,emb_nomic,BFloat16,original,2,256,0.0,0.0005,0.005
100k,emb_nomic,BFloat16,original,2,384,0.0,0.0005,0.005
100k,emb_nomic,BFloat16,original,2,512,0.0,0.0005,0.005
100k,emb_nomic,BFloat16,original,2,640,0.0,0.0005,0.005
100k,emb_nomic,BFloat16,original,2,768,0.0,0.0005,0.005
100k,emb_nomic,BFloat16,original,3,128,0.16,0.149,0.42
100k,emb_nomic,BFloat16,original,3,256,0.36,0.2875,0.71
100k,emb_nomic,BFloat16,original,3,384,0.42,0.3525,0.79
100k,emb_nomic,BFloat16,original,3,512,0.505,0.4195,0.86
100k,emb_nomic,BFloat16,original,3,640,0.59,0.459,0.905
100k,emb_nomic,BFloat16,original,3,768,0.61,0.4815,0.92
100k,emb_nomic,BFloat16,original,4,128,0.16,0.149,0.42
100k,emb_nomic,BFloat16,original,4,256,0.36,0.2875,0.71
100k,emb_nomic,BFloat16,original,4,384,0.42,0.3525,0.79
100k,emb_nomic,BFloat16,original,4,512,0.505,0.4195,0.86
100k,emb_nomic,BFloat16,original,4,640,0.59,0.459,0.905
100k,emb_nomic,BFloat16,original,4,768,0.61,0.4815,0.92
100k,emb_nomic,BFloat16,original,5,128,0.16,0.1485,0.425
100k,emb_nomic,BFloat16,original,5,256,0.365,0.2875,0.71
100k,emb_nomic,BFloat16,original,5,384,0.425,0.351,0.79
100k,emb_nomic,BFloat16,original,5,512,0.505,0.4205,0.86
100k,emb_nomic,BFloat16,original,5,640,0.59,0.459,0.905
100k,emb_nomic,BFloat16,original,5,768,0.61,0.482,0.92
100k,emb_nomic,BFloat16,original,6,128,0.305,0.2655,0.67
100k,emb_nomic,BFloat16,original,6,256,0.495,0.433,0.865
100k,emb_nomic,BFloat16,original,6,384,0.55,0.51,0.945
100k,emb_nomic,BFloat16,original,6,512,0.625,0.576,0.955
100k,emb_nomic,BFloat16,original,6,640,0.65,0.6265,0.995
100k,emb_nomic,BFloat16,original,6,768,0.68,0.6595,1.0
100k,emb_nomic,BFloat16,original,7,128,0.305,0.268,0.665
100k,emb_nomic,BFloat16,original,7,256,0.5,0.43,0.865
100k,emb_nomic,BFloat16,original,7,384,0.56,0.512,0.94
100k,emb_nomic,BFloat16,original,7,512,0.62,0.579,0.955
100k,emb_nomic,BFloat16,original,7,640,0.645,0.6275,0.995
100k,emb_nomic,BFloat16,original,7,768,0.685,0.663,0.995
100k,emb_nomic,BFloat16,original,8,128,0.52,0.467,0.895
100k,emb_nomic,BFloat16,original,8,256,0.64,0.6005,0.975
100k,emb_nomic,BFloat16,original,8,384,0.715,0.6855,0.995
100k,emb_nomic,BFloat16,original,8,512,0.74,0.7295,1.0
100k,emb_nomic,BFloat16,original,8,640,0.765,0.7675,1.0
100k,emb_nomic,BFloat16,original,8,768,0.78,0.814,1.0
100k,emb_nomic,BFloat16,original,9,128,0.6,0.5225,0.96
100k,emb_nomic,BFloat16,original,9,256,0.715,0.668,0.995
100k,emb_nomic,BFloat16,original,9,384,0.79,0.7425,0.995
100k,emb_nomic,BFloat16,original,9,512,0.835,0.789,1.0
100k,emb_nomic,BFloat16,original,9,640,0.865,0.834,1.0
100k,emb_nomic,BFloat16,original,9,768,0.885,0.8635,1.0
100k,emb_nomic,BFloat16,original,10,128,0.665,0.576,0.98
100k,emb_nomic,BFloat16,original,10,256,0.77,0.7115,0.99
100k,emb_nomic,BFloat16,original,10,384,0.85,0.791,0.995
100k,emb_nomic,BFloat16,original,10,512,0.89,0.8335,1.0
100k,emb_nomic,BFloat16,original,10,640,0.915,0.8865,1.0
100k,emb_nomic,BFloat16,original,10,768,0.94,0.9325,1.0
100k,emb_nomic,BFloat16,original,11,128,0.67,0.588,0.985
100k,emb_nomic,BFloat16,original,11,256,0.795,0.725,1.0
100k,emb_nomic,BFloat16,original,11,384,0.875,0.806,1.0
100k,emb_nomic,BFloat16,original,11,512,0.89,0.8635,1.0
100k,emb_nomic,BFloat16,original,11,640,0.93,0.91,1.0
100k,emb_nomic,BFloat16,original,11,768,0.98,0.9565,1.0
100k,emb_nomic,BFloat16,original,12,128,0.67,0.592,0.985
100k,emb_nomic,BFloat16,original,12,256,0.78,0.7315,1.0
100k,emb_nomic,BFloat16,original,12,384,0.87,0.814,1.0
100k,emb_nomic,BFloat16,original,12,512,0.9,0.8655,1.0
100k,emb_nomic,BFloat16,original,12,640,0.955,0.916,1.0
100k,emb_nomic,BFloat16,original,12,768,0.99,0.9805,1.0
100k,emb_nomic,BFloat16,original,13,128,0.69,0.5925,0.985
100k,emb_nomic,BFloat16,original,13,256,0.78,0.733,1.0
100k,emb_nomic,BFloat16,original,13,384,0.875,0.8105,1.0
100k,emb_nomic,BFloat16,original,13,512,0.9,0.862,1.0
100k,emb_nomic,BFloat16,original,13,640,0.945,0.916,1.0
100k,emb_nomic,BFloat16,original,13,768,0.995,0.9845,1.0
100k,emb_nomic,BFloat16,original,14,128,0.69,0.5895,0.985
100k,emb_nomic,BFloat16,original,14,256,0.78,0.734,1.0
100k,emb_nomic,BFloat16,original,14,384,0.885,0.8115,1.0
100k,emb_nomic,BFloat16,original,14,512,0.9,0.8615,1.0
100k,emb_nomic,BFloat16,original,14,640,0.935,0.916,1.0
100k,emb_nomic,BFloat16,original,14,768,1.0,0.995,1.0
100k,emb_nomic,BFloat16,original,15,128,0.695,0.5915,0.98
100k,emb_nomic,BFloat16,original,15,256,0.78,0.7335,1.0
100k,emb_nomic,BFloat16,original,15,384,0.89,0.8115,1.0
100k,emb_nomic,BFloat16,original,15,512,0.9,0.862,1.0
100k,emb_nomic,BFloat16,original,15,640,0.935,0.916,1.0
100k,emb_nomic,BFloat16,original,15,768,0.995,0.997,1.0
100k,emb_nomic,BFloat16,original,16,128,0.69,0.5905,0.98
100k,emb_nomic,BFloat16,original,16,256,0.78,0.7345,1.0
100k,emb_nomic,BFloat16,original,16,384,0.885,0.8115,1.0
100k,emb_nomic,BFloat16,original,16,512,0.895,0.8635,1.0
100k,emb_nomic,BFloat16,original,16,640,0.935,0.9165,1.0
100k,emb_nomic,BFloat16,original,16,768,1.0,1.0,1.0
100k,emb_nomic,BFloat16,rotated,1,128,0.0,0.0005,0.005
100k,emb_nomic,BFloat16,rotated,1,256,0.0,0.0005,0.005
100k,emb_nomic,BFloat16,rotated,1,384,0.0,0.0005,0.005
100k,emb_nomic,BFloat16,rotated,1,512,0.0,0.0005,0.005
100k,emb_nomic,BFloat16,rotated,1,640,0.0,0.0005,0.005
100k,emb_nomic,BFloat16,rotated,1,768,0.0,0.0005,0.005
100k,emb_nomic,BFloat16,rotated,2,128,0.0,0.0005,0.005
100k,emb_nomic,BFloat16,rotated,2,256,0.0,0.0005,0.005
100k,emb_nomic,BFloat16,rotated,2,384,0.0,0.0005,0.005
100k,emb_nomic,BFloat16,rotated,2,512,0.0,0.0005,0.005
100k,emb_nomic,BFloat16,rotated,2,640,0.0,0.0005,0.005
100k,emb_nomic,BFloat16,rotated,2,768,0.0,0.0005,0.005
100k,emb_nomic,BFloat16,rotated,3,128,0.23,0.215,0.57
100k,emb_nomic,BFloat16,rotated,3,256,0.4,0.3875,0.85
100k,emb_nomic,BFloat16,rotated,3,384,0.545,0.502,0.93
100k,emb_nomic,BFloat16,rotated,3,512,0.605,0.566,0.95
100k,emb_nomic,BFloat16,rotated,3,640,0.63,0.614,0.96
100k,emb_nomic,BFloat16,rotated,3,768,0.67,0.6625,0.98
100k,emb_nomic,BFloat16,rotated,4,128,0.23,0.215,0.57
100k,emb_nomic,BFloat16,rotated,4,256,0.4,0.3875,0.85
100k,emb_nomic,BFloat16,rotated,4,384,0.545,0.502,0.93
100k,emb_nomic,BFloat16,rotated,4,512,0.605,0.566,0.95
100k,emb_nomic,BFloat16,rotated,4,640,0.63,0.614,0.96
100k,emb_nomic,BFloat16,rotated,4,768,0.67,0.6625,0.98
100k,emb_nomic,BFloat16,rotated,5,128,0.23,0.2165,0.57
100k,emb_nomic,BFloat16,rotated,5,256,0.405,0.388,0.85
100k,emb_nomic,BFloat16,rotated,5,384,0.55,0.5015,0.93
100k,emb_nomic,BFloat16,rotated,5,512,0.605,0.5665,0.95
100k,emb_nomic,BFloat16,rotated,5,640,0.645,0.6115,0.955
100k,emb_nomic,BFloat16,rotated,5,768,0.675,0.664,0.98
100k,emb_nomic,BFloat16,rotated,6,128,0.33,0.298,0.71
100k,emb_nomic,BFloat16,rotated,6,256,0.535,0.4825,0.93
100k,emb_nomic,BFloat16,rotated,6,384,0.63,0.594,0.98
100k,emb_nomic,BFloat16,rotated,6,512,0.675,0.651,0.99
100k,emb_nomic,BFloat16,rotated,6,640,0.745,0.697,0.99
100k,emb_nomic,BFloat16,rotated,6,768,0.735,0.738,1.0
100k,emb_nomic,BFloat16,rotated,7,128,0.345,0.2895,0.695
100k,emb_nomic,BFloat16,rotated,7,256,0.4,0.404,0.655
100k,emb_nomic,BFloat16,rotated,7,384,0.41,0.4515,0.605
100k,emb_nomic,BFloat16,rotated,7,512,0.44,0.497,0.615
100k,emb_nomic,BFloat16,rotated,7,640,0.465,0.513,0.61
100k,emb_nomic,BFloat16,rotated,7,768,0.485,0.5345,0.635
100k,emb_nomic,BFloat16,rotated,8,128,0.435,0.4165,0.855
100k,emb_nomic,BFloat16,rotated,8,256,0.64,0.5885,0.97
100k,emb_nomic,BFloat16,rotated,8,384,0.73,0.675,0.985
100k,emb_nomic,BFloat16,rotated,8,512,0.77,0.736,0.995
100k,emb_nomic,BFloat16,rotated,8,640,0.81,0.7785,0.995
100k,emb_nomic,BFloat16,rotated,8,768,0.81,0.8095,0.995
100k,emb_nomic,BFloat16,rotated,9,128,0.53,0.4765,0.905
100k,emb_nomic,BFloat16,rotated,9,256,0.705,0.651,0.98
100k,emb_nomic,BFloat16,rotated,9,384,0.78,0.7435,1.0
100k,emb_nomic,BFloat16,rotated,9,512,0.84,0.7985,1.0
100k,emb_nomic,BFloat16,rotated,9,640,0.85,0.8355,1.0
100k,emb_nomic,BFloat16,rotated,9,768,0.875,0.8755,1.0
100k,emb_nomic,BFloat16,rotated,10,128,0.55,0.539,0.96
100k,emb_nomic,BFloat16,rotated,10,256,0.775,0.6985,0.995
100k,emb_nomic,BFloat16,rotated,10,384,0.82,0.78,1.0
100k,emb_nomic,BFloat16,rotated,10,512,0.87,0.8385,1.0
100k,emb_nomic,BFloat16,rotated,10,640,0.915,0.89,1.0
100k,emb_nomic,BFloat16,rotated,10,768,0.93,0.927,1.0
100k,emb_nomic,BFloat16,rotated,11,128,0.6,0.5555,0.96
100k,emb_nomic,BFloat16,rotated,11,256,0.785,0.717,0.995
100k,emb_nomic,BFloat16,rotated,11,384,0.855,0.8065,1.0
100k,emb_nomic,BFloat16,rotated,11,512,0.9,0.8555,1.0
100k,emb_nomic,BFloat16,rotated,11,640,0.915,0.902,1.0
100k,emb_nomic,BFloat16,rotated,11,768,0.975,0.961,1.0
100k,emb_nomic,BFloat16,rotated,12,128,0.62,0.5605,0.965
100k,emb_nomic,BFloat16,rotated,12,256,0.8,0.72,0.995
100k,emb_nomic,BFloat16,rotated,12,384,0.86,0.8155,1.0
100k,emb_nomic,BFloat16,rotated,12,512,0.89,0.8605,1.0
100k,emb_nomic,BFloat16,rotated,12,640,0.925,0.9065,1.0
100k,emb_nomic,BFloat16,rotated,12,768,0.985,0.977,1.0
100k,emb_nomic,BFloat16,rotated,13,128,0.615,0.559,0.97
100k,emb_nomic,BFloat16,rotated,13,256,0.795,0.725,0.995
100k,emb_nomic,BFloat16,rotated,13,384,0.86,0.8155,1.0
100k,emb_nomic,BFloat16,rotated,13,512,0.895,0.862,1.0
100k,emb_nomic,BFloat16,rotated,13,640,0.92,0.913,1.0
100k,emb_nomic,BFloat16,rotated,13,768,0.985,0.9875,1.0
100k,emb_nomic,BFloat16,rotated,14,128,0.61,0.559,0.97
100k,emb_nomic,BFloat16,rotated,14,256,0.795,0.723,0.995
100k,emb_nomic,BFloat16,rotated,14,384,0.855,0.8125,1.0
100k,emb_nomic,BFloat16,rotated,14,512,0.895,0.863,1.0
100k,emb_nomic,BFloat16,rotated,14,640,0.92,0.9125,1.0
100k,emb_nomic,BFloat16,rotated,14,768,1.0,0.995,1.0
100k,emb_nomic,BFloat16,rotated,15,128,0.6,0.559,0.965
100k,emb_nomic,BFloat16,rotated,15,256,0.795,0.722,0.995
100k,emb_nomic,BFloat16,rotated,15,384,0.85,0.8125,1.0
100k,emb_nomic,BFloat16,rotated,15,512,0.895,0.863,1.0
100k,emb_nomic,BFloat16,rotated,15,640,0.92,0.913,1.0
100k,emb_nomic,BFloat16,rotated,15,768,0.99,0.997,1.0
100k,emb_nomic,BFloat16,rotated,16,128,0.605,0.559,0.965
100k,emb_nomic,BFloat16,rotated,16,256,0.795,0.7235,0.995
100k,emb_nomic,BFloat16,rotated,16,384,0.85,0.814,1.0
100k,emb_nomic,BFloat16,rotated,16,512,0.895,0.863,1.0
100k,emb_nomic,BFloat16,rotated,16,640,0.92,0.914,1.0
100k,emb_nomic,BFloat16,rotated,16,768,0.995,0.999,1.0
100k,emb_nomic,Int8,original,1,128,0.15,0.147,0.405
100k,emb_nomic,Int8,original,1,256,0.355,0.2795,0.71
100k,emb_nomic,Int8,original,1,384,0.4,0.347,0.785
100k,emb_nomic,Int8,original,1,512,0.515,0.415,0.86
100k,emb_nomic,Int8,original,1,640,0.585,0.4475,0.895
100k,emb_nomic,Int8,original,1,768,0.6,0.475,0.92
100k,emb_nomic,Int8,original,2,128,0.495,0.436,0.89
100k,emb_nomic,Int8,original,2,256,0.64,0.5775,0.98
100k,emb_nomic,Int8,original,2,384,0.7,0.6575,0.995
100k,emb_nomic,Int8,original,2,512,0.73,0.7085,1.0
100k,emb_nomic,Int8,original,2,640,0.78,0.752,0.995
100k,emb_nomic,Int8,original,2,768,0.8,0.7885,0.995
100k,emb_nomic,Int8,original,3,128,0.58,0.536,0.955
100k,emb_nomic,Int8,original,3,256,0.74,0.6695,1.0
100k,emb_nomic,Int8,original,3,384,0.835,0.7485,1.0
100k,emb_nomic,Int8,original,3,512,0.82,0.803,1.0
100k,emb_nomic,Int8,original,3,640,0.875,0.8535,1.0
100k,emb_nomic,Int8,original,3,768,0.88,0.8885,1.0
100k,emb_nomic,Int8,original,4,128,0.645,0.5665,0.985
100k,emb_nomic,Int8,original,4,256,0.76,0.707,1.0
100k,emb_nomic,Int8,original,4,384,0.82,0.786,1.0
100k,emb_nomic,Int8,original,4,512,0.865,0.8295,1.0
100k,emb_nomic,Int8,original,4,640,0.91,0.883,1.0
100k,emb_nomic,Int8,original,4,768,0.935,0.922,1.0
100k,emb_nomic,Int8,original,5,128,0.69,0.586,0.98
100k,emb_nomic,Int8,original,5,256,0.775,0.724,1.0
100k,emb_nomic,Int8,original,5,384,0.86,0.8005,1.0
100k,emb_nomic,Int8,original,5,512,0.905,0.8575,1.0
100k,emb_nomic,Int8,original,5,640,0.925,0.9065,1.0
100k,emb_nomic,Int8,original,5,768,0.96,0.9535,1.0
100k,emb_nomic,Int8,original,6,128,0.705,0.5885,0.98
100k,emb_nomic,Int8,original,6,256,0.78,0.732,1.0
100k,emb_nomic,Int8,original,6,384,0.885,0.8105,1.0
100k,emb_nomic,Int8,original,6,512,0.91,0.8615,1.0
100k,emb_nomic,Int8,original,6,640,0.955,0.917,1.0
100k,emb_nomic,Int8,original,6,768,1.0,0.9785,1.0
100k,emb_nomic,Int8,original,7,128,0.705,0.5905,0.98
100k,emb_nomic,Int8,original,7,256,0.79,0.735,1.0
100k,emb_nomic,Int8,original,7,384,0.885,0.8125,1.0
100k,emb_nomic,Int8,original,7,512,0.9,0.8645,1.0
100k,emb_nomic,Int8,original,7,640,0.935,0.9165,1.0
100k,emb_nomic,Int8,original,7,768,1.0,0.9895,1.0
100k,emb_nomic,Int8,original,8,128,0.685,0.5935,0.98
100k,emb_nomic,Int8,original,8,256,0.79,0.7335,1.0
100k,emb_nomic,Int8,original,8,384,0.885,0.812,1.0
100k,emb_nomic,Int8,original,8,512,0.91,0.863,1.0
100k,emb_nomic,Int8,original,8,640,0.935,0.9145,1.0
100k,emb_nomic,Int8,original,8,768,0.995,0.994,1.0
100k,emb_nomic,Int8,rotated,1,128,0.23,0.2145,0.565
100k,emb_nomic,Int8,rotated,1,256,0.4,0.386,0.85
100k,emb_nomic,Int8,rotated,1,384,0.54,0.501,0.925
100k,emb_nomic,Int8,rotated,1,512,0.605,0.566,0.95
100k,emb_nomic,Int8,rotated,1,640,0.635,0.6125,0.96
100k,emb_nomic,Int8,rotated,1,768,0.675,0.6635,0.98
100k,emb_nomic,Int8,rotated,2,128,0.435,0.3905,0.855
100k,emb_nomic,Int8,rotated,2,256,0.62,0.57,0.96
100k,emb_nomic,Int8,rotated,2,384,0.705,0.673,0.985
100k,emb_nomic,Int8,rotated,2,512,0.745,0.7235,0.99
100k,emb_nomic,Int8,rotated,2,640,0.76,0.7625,1.0
100k,emb_nomic,Int8,rotated,2,768,0.82,0.809,1.0
100k,emb_nomic,Int8,rotated,3,128,0.57,0.5045,0.925
100k,emb_nomic,Int8,rotated,3,256,0.735,0.662,0.99
100k,emb_nomic,Int8,rotated,3,384,0.775,0.74,1.0
100k,emb_nomic,Int8,rotated,3,512,0.84,0.7935,1.0
100k,emb_nomic,Int8,rotated,3,640,0.875,0.833,1.0
100k,emb_nomic,Int8,rotated,3,768,0.9,0.8815,1.0
100k,emb_nomic,Int8,rotated,4,128,0.565,0.522,0.935
100k,emb_nomic,Int8,rotated,4,256,0.745,0.6895,1.0
100k,emb_nomic,Int8,rotated,4,384,0.82,0.771,1.0
100k,emb_nomic,Int8,rotated,4,512,0.845,0.8245,1.0
100k,emb_nomic,Int8,rotated,4,640,0.88,0.865,1.0
100k,emb_nomic,Int8,rotated,4,768,0.9,0.9065,1.0
100k,emb_nomic,Int8,rotated,5,128,0.59,0.55,0.96
100k,emb_nomic,Int8,rotated,5,256,0.775,0.7075,0.995
100k,emb_nomic,Int8,rotated,5,384,0.85,0.801,1.0
100k,emb_nomic,Int8,rotated,5,512,0.89,0.844,1.0
100k,emb_nomic,Int8,rotated,5,640,0.9,0.895,1.0
100k,emb_nomic,Int8,rotated,5,768,0.955,0.9425,1.0
100k,emb_nomic,Int8,rotated,6,128,0.62,0.555,0.965
100k,emb_nomic,Int8,rotated,6,256,0.795,0.7145,0.99
100k,emb_nomic,Int8,rotated,6,384,0.835,0.8115,1.0
100k,emb_nomic,Int8,rotated,6,512,0.89,0.8575,1.0
100k,emb_nomic,Int8,rotated,6,640,0.91,0.9045,1.0
100k,emb_nomic,Int8,rotated,6,768,0.975,0.965,1.0
100k,emb_nomic,Int8,rotated,7,128,0.625,0.558,0.965
100k,emb_nomic,Int8,rotated,7,256,0.805,0.721,0.995
100k,emb_nomic,Int8,rotated,7,384,0.84,0.8155,1.0
100k,emb_nomic,Int8,rotated,7,512,0.895,0.86,1.0
100k,emb_nomic,Int8,rotated,7,640,0.905,0.911,1.0
100k,emb_nomic,Int8,rotated,7,768,0.985,0.98,1.0
100k,emb_nomic,Int8,rotated,8,128,0.615,0.558,0.965
100k,emb_nomic,Int8,rotated,8,256,0.795,0.721,0.995
100k,emb_nomic,Int8,rotated,8,384,0.85,0.813,1.0
100k,emb_nomic,Int8,rotated,8,512,0.885,0.8615,1.0
100k,emb_nomic,Int8,rotated,8,640,0.925,0.913,1.0
100k,emb_nomic,Int8,rotated,8,768,0.995,0.989,1.0
100k,emb_siglip2,BFloat16,original,1,128,0.0,0.002,0.0
100k,emb_siglip2,BFloat16,original,1,256,0.0,0.002,0.0
100k,emb_siglip2,BFloat16,original,1,384,0.0,0.002,0.0
100k,emb_siglip2,BFloat16,original,1,512,0.0,0.002,0.0
100k,emb_siglip2,BFloat16,original,1,640,0.0,0.002,0.0
100k,emb_siglip2,BFloat16,original,1,768,0.0,0.002,0.0
100k,emb_siglip2,BFloat16,original,1,896,0.0,0.002,0.0
100k,emb_siglip2,BFloat16,original,1,1024,0.0,0.002,0.0
100k,emb_siglip2,BFloat16,original,1,1152,0.0,0.002,0.0
100k,emb_siglip2,BFloat16,original,2,128,0.0,0.002,0.0
100k,emb_siglip2,BFloat16,original,2,256,0.0,0.002,0.0
100k,emb_siglip2,BFloat16,original,2,384,0.0,0.002,0.0
100k,emb_siglip2,BFloat16,original,2,512,0.0,0.002,0.0
100k,emb_siglip2,BFloat16,original,2,640,0.0,0.002,0.0
100k,emb_siglip2,BFloat16,original,2,768,0.0,0.002,0.0
100k,emb_siglip2,BFloat16,original,2,896,0.0,0.002,0.0
100k,emb_siglip2,BFloat16,original,2,1024,0.0,0.002,0.0
100k,emb_siglip2,BFloat16,original,2,1152,0.0,0.002,0.0
100k,emb_siglip2,BFloat16,original,3,128,0.32,0.292,0.68
100k,emb_siglip2,BFloat16,original,3,256,0.47,0.4555,0.87
100k,emb_siglip2,BFloat16,original,3,384,0.52,0.5245,0.935
100k,emb_siglip2,BFloat16,original,3,512,0.6,0.5715,0.96
100k,emb_siglip2,BFloat16,original,3,640,0.645,0.6035,0.975
100k,emb_siglip2,BFloat16,original,3,768,0.665,0.632,0.985
100k,emb_siglip2,BFloat16,original,3,896,0.695,0.66,0.99
100k,emb_siglip2,BFloat16,original,3,1024,0.715,0.6785,0.995
100k,emb_siglip2,BFloat16,original,3,1152,0.725,0.693,1.0
100k,emb_siglip2,BFloat16,original,4,128,0.32,0.292,0.68
100k,emb_siglip2,BFloat16,original,4,256,0.47,0.4555,0.87
100k,emb_siglip2,BFloat16,original,4,384,0.52,0.5245,0.935
100k,emb_siglip2,BFloat16,original,4,512,0.6,0.5715,0.96
100k,emb_siglip2,BFloat16,original,4,640,0.645,0.6035,0.975
100k,emb_siglip2,BFloat16,original,4,768,0.665,0.632,0.985
100k,emb_siglip2,BFloat16,original,4,896,0.695,0.66,0.99
100k,emb_siglip2,BFloat16,original,4,1024,0.715,0.6785,0.995
100k,emb_siglip2,BFloat16,original,4,1152,0.725,0.693,1.0
100k,emb_siglip2,BFloat16,original,5,128,0.32,0.2915,0.685
100k,emb_siglip2,BFloat16,original,5,256,0.47,0.4555,0.87
100k,emb_siglip2,BFloat16,original,5,384,0.515,0.524,0.935
100k,emb_siglip2,BFloat16,original,5,512,0.6,0.57,0.96
100k,emb_siglip2,BFloat16,original,5,640,0.645,0.603,0.975
100k,emb_siglip2,BFloat16,original,5,768,0.67,0.634,0.985
100k,emb_siglip2,BFloat16,original,5,896,0.7,0.66,0.99
100k,emb_siglip2,BFloat16,original,5,1024,0.71,0.678,0.995
100k,emb_siglip2,BFloat16,original,5,1152,0.725,0.693,1.0
100k,emb_siglip2,BFloat16,original,6,128,0.385,0.352,0.76
100k,emb_siglip2,BFloat16,original,6,256,0.515,0.5265,0.925
100k,emb_siglip2,BFloat16,original,6,384,0.61,0.586,0.965
100k,emb_siglip2,BFloat16,original,6,512,0.665,0.6255,0.985
100k,emb_siglip2,BFloat16,original,6,640,0.695,0.6485,0.98
100k,emb_siglip2,BFloat16,original,6,768,0.725,0.68,0.99
100k,emb_siglip2,BFloat16,original,6,896,0.76,0.7055,0.99
100k,emb_siglip2,BFloat16,original,6,1024,0.785,0.7265,0.995
100k,emb_siglip2,BFloat16,original,6,1152,0.78,0.738,1.0
100k,emb_siglip2,BFloat16,original,7,128,0.37,0.3305,0.73
100k,emb_siglip2,BFloat16,original,7,256,0.505,0.5125,0.92
100k,emb_siglip2,BFloat16,original,7,384,0.605,0.585,0.965
100k,emb_siglip2,BFloat16,original,7,512,0.605,0.59,0.96
100k,emb_siglip2,BFloat16,original,7,640,0.64,0.626,0.945
100k,emb_siglip2,BFloat16,original,7,768,0.7,0.6585,0.95
100k,emb_siglip2,BFloat16,original,7,896,0.705,0.676,0.97
100k,emb_siglip2,BFloat16,original,7,1024,0.705,0.6995,0.98
100k,emb_siglip2,BFloat16,original,7,1152,0.7,0.7125,0.98
100k,emb_siglip2,BFloat16,original,8,128,0.035,0.066,0.095
100k,emb_siglip2,BFloat16,original,8,256,0.085,0.111,0.19
100k,emb_siglip2,BFloat16,original,8,384,0.155,0.161,0.35
100k,emb_siglip2,BFloat16,original,8,512,0.125,0.1245,0.205
100k,emb_siglip2,BFloat16,original,8,640,0.175,0.1535,0.295
100k,emb_siglip2,BFloat16,original,8,768,0.2,0.1745,0.375
100k,emb_siglip2,BFloat16,original,8,896,0.26,0.2215,0.5
100k,emb_siglip2,BFloat16,original,8,1024,0.325,0.2655,0.605
100k,emb_siglip2,BFloat16,original,8,1152,0.375,0.3105,0.705
100k,emb_siglip2,BFloat16,original,9,128,0.23,0.2455,0.57
100k,emb_siglip2,BFloat16,original,9,256,0.41,0.3775,0.815
100k,emb_siglip2,BFloat16,original,9,384,0.555,0.4715,0.885
100k,emb_siglip2,BFloat16,original,9,512,0.55,0.476,0.895
100k,emb_siglip2,BFloat16,original,9,640,0.64,0.5495,0.935
100k,emb_siglip2,BFloat16,original,9,768,0.685,0.591,0.965
100k,emb_siglip2,BFloat16,original,9,896,0.73,0.6385,0.985
100k,emb_siglip2,BFloat16,original,9,1024,0.77,0.6975,1.0
100k,emb_siglip2,BFloat16,original,9,1152,0.805,0.751,1.0
100k,emb_siglip2,BFloat16,original,10,128,0.41,0.419,0.81
100k,emb_siglip2,BFloat16,original,10,256,0.625,0.598,0.97
100k,emb_siglip2,BFloat16,original,10,384,0.7,0.675,0.99
100k,emb_siglip2,BFloat16,original,10,512,0.75,0.7125,0.99
100k,emb_siglip2,BFloat16,original,10,640,0.795,0.757,0.995
100k,emb_siglip2,BFloat16,original,10,768,0.85,0.789,1.0
100k,emb_siglip2,BFloat16,original,10,896,0.87,0.8165,1.0
100k,emb_siglip2,BFloat16,original,10,1024,0.875,0.848,1.0
100k,emb_siglip2,BFloat16,original,10,1152,0.905,0.8745,1.0
100k,emb_siglip2,BFloat16,original,11,128,0.425,0.434,0.83
100k,emb_siglip2,BFloat16,original,11,256,0.6,0.6075,0.965
100k,emb_siglip2,BFloat16,original,11,384,0.68,0.6875,1.0
100k,emb_siglip2,BFloat16,original,11,512,0.725,0.7245,0.995
100k,emb_siglip2,BFloat16,original,11,640,0.78,0.77,1.0
100k,emb_siglip2,BFloat16,original,11,768,0.835,0.8125,1.0
100k,emb_siglip2,BFloat16,original,11,896,0.89,0.8485,1.0
100k,emb_siglip2,BFloat16,original,11,1024,0.92,0.891,1.0
100k,emb_siglip2,BFloat16,original,11,1152,0.94,0.9315,1.0
100k,emb_siglip2,BFloat16,original,12,128,0.435,0.436,0.83
100k,emb_siglip2,BFloat16,original,12,256,0.63,0.62,0.975
100k,emb_siglip2,BFloat16,original,12,384,0.68,0.698,1.0
100k,emb_siglip2,BFloat16,original,12,512,0.745,0.7375,1.0
100k,emb_siglip2,BFloat16,original,12,640,0.81,0.785,1.0
100k,emb_siglip2,BFloat16,original,12,768,0.865,0.8315,1.0
100k,emb_siglip2,BFloat16,original,12,896,0.89,0.8645,1.0
100k,emb_siglip2,BFloat16,original,12,1024,0.92,0.918,1.0
100k,emb_siglip2,BFloat16,original,12,1152,0.97,0.964,1.0
100k,emb_siglip2,BFloat16,original,13,128,0.435,0.4355,0.84
100k,emb_siglip2,BFloat16,original,13,256,0.63,0.621,0.97
100k,emb_siglip2,BFloat16,original,13,384,0.69,0.6965,1.0
100k,emb_siglip2,BFloat16,original,13,512,0.73,0.7395,1.0
100k,emb_siglip2,BFloat16,original,13,640,0.805,0.7865,1.0
100k,emb_siglip2,BFloat16,original,13,768,0.88,0.834,1.0
100k,emb_siglip2,BFloat16,original,13,896,0.88,0.8695,1.0
100k,emb_siglip2,BFloat16,original,13,1024,0.93,0.921,1.0
100k,emb_siglip2,BFloat16,original,13,1152,0.98,0.9855,1.0
100k,emb_siglip2,BFloat16,original,14,128,0.435,0.436,0.835
100k,emb_siglip2,BFloat16,original,14,256,0.635,0.6225,0.97
100k,emb_siglip2,BFloat16,original,14,384,0.69,0.7,1.0
100k,emb_siglip2,BFloat16,original,14,512,0.735,0.741,1.0
100k,emb_siglip2,BFloat16,original,14,640,0.8,0.786,1.0
100k,emb_siglip2,BFloat16,original,14,768,0.88,0.837,1.0
100k,emb_siglip2,BFloat16,original,14,896,0.885,0.8675,1.0
100k,emb_siglip2,BFloat16,original,14,1024,0.935,0.9215,1.0
100k,emb_siglip2,BFloat16,original,14,1152,1.0,0.991,1.0
100k,emb_siglip2,BFloat16,original,15,128,0.43,0.434,0.835
100k,emb_siglip2,BFloat16,original,15,256,0.63,0.6195,0.97
100k,emb_siglip2,BFloat16,original,15,384,0.69,0.701,1.0
100k,emb_siglip2,BFloat16,original,15,512,0.735,0.742,1.0
100k,emb_siglip2,BFloat16,original,15,640,0.805,0.788,1.0
100k,emb_siglip2,BFloat16,original,15,768,0.88,0.838,1.0
100k,emb_siglip2,BFloat16,original,15,896,0.885,0.867,1.0
100k,emb_siglip2,BFloat16,original,15,1024,0.945,0.9215,1.0
100k,emb_siglip2,BFloat16,original,15,1152,0.995,0.9965,1.0
100k,emb_siglip2,BFloat16,original,16,128,0.43,0.4345,0.835
100k,emb_siglip2,BFloat16,original,16,256,0.63,0.6215,0.97
100k,emb_siglip2,BFloat16,original,16,384,0.69,0.701,1.0
100k,emb_siglip2,BFloat16,original,16,512,0.735,0.7415,1.0
100k,emb_siglip2,BFloat16,original,16,640,0.8,0.7895,1.0
100k,emb_siglip2,BFloat16,original,16,768,0.875,0.8365,1.0
100k,emb_siglip2,BFloat16,original,16,896,0.885,0.868,1.0
100k,emb_siglip2,BFloat16,original,16,1024,0.945,0.9225,1.0
100k,emb_siglip2,BFloat16,original,16,1152,1.0,1.0,1.0
100k,emb_siglip2,BFloat16,rotated,1,128,0.0,0.002,0.0
100k,emb_siglip2,BFloat16,rotated,1,256,0.0,0.002,0.0
100k,emb_siglip2,BFloat16,rotated,1,384,0.0,0.002,0.0
100k,emb_siglip2,BFloat16,rotated,1,512,0.0,0.002,0.0
100k,emb_siglip2,BFloat16,rotated,1,640,0.0,0.002,0.0
100k,emb_siglip2,BFloat16,rotated,1,768,0.0,0.002,0.0
100k,emb_siglip2,BFloat16,rotated,1,896,0.0,0.002,0.0
100k,emb_siglip2,BFloat16,rotated,1,1024,0.0,0.002,0.0
100k,emb_siglip2,BFloat16,rotated,1,1152,0.0,0.002,0.0
100k,emb_siglip2,BFloat16,rotated,1,1280,0.0,0.002,0.0
100k,emb_siglip2,BFloat16,rotated,1,1408,0.0,0.002,0.0
100k,emb_siglip2,BFloat16,rotated,1,1536,0.0,0.002,0.0
100k,emb_siglip2,BFloat16,rotated,1,1664,0.0,0.002,0.0
100k,emb_siglip2,BFloat16,rotated,1,1792,0.0,0.002,0.0
100k,emb_siglip2,BFloat16,rotated,1,1920,0.0,0.002,0.0
100k,emb_siglip2,BFloat16,rotated,1,2048,0.0,0.002,0.0
100k,emb_siglip2,BFloat16,rotated,2,128,0.0,0.002,0.0
100k,emb_siglip2,BFloat16,rotated,2,256,0.0,0.002,0.0
100k,emb_siglip2,BFloat16,rotated,2,384,0.0,0.002,0.0
100k,emb_siglip2,BFloat16,rotated,2,512,0.0,0.002,0.0
100k,emb_siglip2,BFloat16,rotated,2,640,0.0,0.002,0.0
100k,emb_siglip2,BFloat16,rotated,2,768,0.0,0.002,0.0
100k,emb_siglip2,BFloat16,rotated,2,896,0.0,0.002,0.0
100k,emb_siglip2,BFloat16,rotated,2,1024,0.0,0.002,0.0
100k,emb_siglip2,BFloat16,rotated,2,1152,0.0,0.002,0.0
100k,emb_siglip2,BFloat16,rotated,2,1280,0.0,0.002,0.0
100k,emb_siglip2,BFloat16,rotated,2,1408,0.0,0.002,0.0
100k,emb_siglip2,BFloat16,rotated,2,1536,0.0,0.002,0.0
100k,emb_siglip2,BFloat16,rotated,2,1664,0.0,0.002,0.0
100k,emb_siglip2,BFloat16,rotated,2,1792,0.0,0.002,0.0
100k,emb_siglip2,BFloat16,rotated,2,1920,0.0,0.002,0.0
100k,emb_siglip2,BFloat16,rotated,2,2048,0.0,0.002,0.0
100k,emb_siglip2,BFloat16,rotated,3,128,0.25,0.2595,0.555
100k,emb_siglip2,BFloat16,rotated,3,256,0.38,0.447,0.82
100k,emb_siglip2,BFloat16,rotated,3,384,0.475,0.5325,0.91
100k,emb_siglip2,BFloat16,rotated,3,512,0.56,0.601,0.95
100k,emb_siglip2,BFloat16,rotated,3,640,0.635,0.638,0.965
100k,emb_siglip2,BFloat16,rotated,3,768,0.68,0.6705,0.975
100k,emb_siglip2,BFloat16,rotated,3,896,0.68,0.6905,0.995
100k,emb_siglip2,BFloat16,rotated,3,1024,0.745,0.714,1.0
100k,emb_siglip2,BFloat16,rotated,3,1152,0.725,0.725,1.0
100k,emb_siglip2,BFloat16,rotated,3,1280,0.735,0.7275,1.0
100k,emb_siglip2,BFloat16,rotated,3,1408,0.765,0.7385,1.0
100k,emb_siglip2,BFloat16,rotated,3,1536,0.775,0.7485,1.0
100k,emb_siglip2,BFloat16,rotated,3,1664,0.755,0.7565,1.0
100k,emb_siglip2,BFloat16,rotated,3,1792,0.79,0.766,1.0
100k,emb_siglip2,BFloat16,rotated,3,1920,0.8,0.771,1.0
100k,emb_siglip2,BFloat16,rotated,3,2048,0.82,0.784,1.0
100k,emb_siglip2,BFloat16,rotated,4,128,0.25,0.2595,0.555
100k,emb_siglip2,BFloat16,rotated,4,256,0.38,0.447,0.82
100k,emb_siglip2,BFloat16,rotated,4,384,0.475,0.5325,0.91
100k,emb_siglip2,BFloat16,rotated,4,512,0.56,0.601,0.95
100k,emb_siglip2,BFloat16,rotated,4,640,0.635,0.638,0.965
100k,emb_siglip2,BFloat16,rotated,4,768,0.68,0.6705,0.975
100k,emb_siglip2,BFloat16,rotated,4,896,0.68,0.6905,0.995
100k,emb_siglip2,BFloat16,rotated,4,1024,0.745,0.714,1.0
100k,emb_siglip2,BFloat16,rotated,4,1152,0.725,0.725,1.0
100k,emb_siglip2,BFloat16,rotated,4,1280,0.735,0.7275,1.0
100k,emb_siglip2,BFloat16,rotated,4,1408,0.765,0.7385,1.0
100k,emb_siglip2,BFloat16,rotated,4,1536,0.775,0.7485,1.0
100k,emb_siglip2,BFloat16,rotated,4,1664,0.755,0.7565,1.0
100k,emb_siglip2,BFloat16,rotated,4,1792,0.79,0.766,1.0
100k,emb_siglip2,BFloat16,rotated,4,1920,0.8,0.771,1.0
100k,emb_siglip2,BFloat16,rotated,4,2048,0.82,0.784,1.0
100k,emb_siglip2,BFloat16,rotated,5,128,0.25,0.2605,0.555
100k,emb_siglip2,BFloat16,rotated,5,256,0.375,0.447,0.825
100k,emb_siglip2,BFloat16,rotated,5,384,0.48,0.534,0.91
100k,emb_siglip2,BFloat16,rotated,5,512,0.555,0.602,0.95
100k,emb_siglip2,BFloat16,rotated,5,640,0.635,0.6385,0.965
100k,emb_siglip2,BFloat16,rotated,5,768,0.67,0.6705,0.975
100k,emb_siglip2,BFloat16,rotated,5,896,0.685,0.6925,0.995
100k,emb_siglip2,BFloat16,rotated,5,1024,0.745,0.7165,1.0
100k,emb_siglip2,BFloat16,rotated,5,1152,0.72,0.7235,1.0
100k,emb_siglip2,BFloat16,rotated,5,1280,0.73,0.729,1.0
100k,emb_siglip2,BFloat16,rotated,5,1408,0.75,0.738,1.0
100k,emb_siglip2,BFloat16,rotated,5,1536,0.76,0.7485,1.0
100k,emb_siglip2,BFloat16,rotated,5,1664,0.76,0.754,1.0
100k,emb_siglip2,BFloat16,rotated,5,1792,0.79,0.767,1.0
100k,emb_siglip2,BFloat16,rotated,5,1920,0.805,0.7725,1.0
100k,emb_siglip2,BFloat16,rotated,5,2048,0.815,0.7835,1.0
100k,emb_siglip2,BFloat16,rotated,6,128,0.325,0.364,0.745
100k,emb_siglip2,BFloat16,rotated,6,256,0.525,0.5265,0.93
100k,emb_siglip2,BFloat16,rotated,6,384,0.6,0.6215,0.965
100k,emb_siglip2,BFloat16,rotated,6,512,0.7,0.6765,0.995
100k,emb_siglip2,BFloat16,rotated,6,640,0.74,0.7155,0.985
100k,emb_siglip2,BFloat16,rotated,6,768,0.79,0.746,0.995
100k,emb_siglip2,BFloat16,rotated,6,896,0.775,0.7715,1.0
100k,emb_siglip2,BFloat16,rotated,6,1024,0.825,0.7935,1.0
100k,emb_siglip2,BFloat16,rotated,6,1152,0.82,0.8035,1.0
100k,emb_siglip2,BFloat16,rotated,6,1280,0.82,0.801,1.0
100k,emb_siglip2,BFloat16,rotated,6,1408,0.825,0.815,1.0
100k,emb_siglip2,BFloat16,rotated,6,1536,0.84,0.826,1.0
100k,emb_siglip2,BFloat16,rotated,6,1664,0.86,0.833,1.0
100k,emb_siglip2,BFloat16,rotated,6,1792,0.855,0.835,1.0
100k,emb_siglip2,BFloat16,rotated,6,1920,0.875,0.8395,1.0
100k,emb_siglip2,BFloat16,rotated,6,2048,0.865,0.851,1.0
100k,emb_siglip2,BFloat16,rotated,7,128,0.335,0.3725,0.76
100k,emb_siglip2,BFloat16,rotated,7,256,0.53,0.535,0.94
100k,emb_siglip2,BFloat16,rotated,7,384,0.605,0.627,0.97
100k,emb_siglip2,BFloat16,rotated,7,512,0.705,0.681,0.995
100k,emb_siglip2,BFloat16,rotated,7,640,0.75,0.7235,0.985
100k,emb_siglip2,BFloat16,rotated,7,768,0.785,0.7515,0.995
100k,emb_siglip2,BFloat16,rotated,7,896,0.78,0.774,1.0
100k,emb_siglip2,BFloat16,rotated,7,1024,0.815,0.797,1.0
100k,emb_siglip2,BFloat16,rotated,7,1152,0.82,0.8035,1.0
100k,emb_siglip2,BFloat16,rotated,7,1280,0.825,0.8035,1.0
100k,emb_siglip2,BFloat16,rotated,7,1408,0.835,0.8185,1.0
100k,emb_siglip2,BFloat16,rotated,7,1536,0.84,0.8295,1.0
100k,emb_siglip2,BFloat16,rotated,7,1664,0.855,0.8325,1.0
100k,emb_siglip2,BFloat16,rotated,7,1792,0.865,0.837,1.0
100k,emb_siglip2,BFloat16,rotated,7,1920,0.87,0.84,1.0
100k,emb_siglip2,BFloat16,rotated,7,2048,0.87,0.854,1.0
100k,emb_siglip2,BFloat16,rotated,8,128,0.39,0.3935,0.785
100k,emb_siglip2,BFloat16,rotated,8,256,0.595,0.5665,0.96
100k,emb_siglip2,BFloat16,rotated,8,384,0.645,0.6505,0.985
100k,emb_siglip2,BFloat16,rotated,8,512,0.715,0.706,1.0
100k,emb_siglip2,BFloat16,rotated,8,640,0.775,0.7435,1.0
100k,emb_siglip2,BFloat16,rotated,8,768,0.79,0.7755,1.0
100k,emb_siglip2,BFloat16,rotated,8,896,0.8,0.7935,1.0
100k,emb_siglip2,BFloat16,rotated,8,1024,0.825,0.8205,1.0
100k,emb_siglip2,BFloat16,rotated,8,1152,0.81,0.832,1.0
100k,emb_siglip2,BFloat16,rotated,8,1280,0.845,0.8355,1.0
100k,emb_siglip2,BFloat16,rotated,8,1408,0.84,0.8415,1.0
100k,emb_siglip2,BFloat16,rotated,8,1536,0.86,0.8515,1.0
100k,emb_siglip2,BFloat16,rotated,8,1664,0.86,0.859,1.0
100k,emb_siglip2,BFloat16,rotated,8,1792,0.855,0.868,1.0
100k,emb_siglip2,BFloat16,rotated,8,1920,0.875,0.873,1.0
100k,emb_siglip2,BFloat16,rotated,8,2048,0.87,0.882,1.0
100k,emb_siglip2,BFloat16,rotated,9,128,0.46,0.4765,0.86
100k,emb_siglip2,BFloat16,rotated,9,256,0.64,0.636,0.975
100k,emb_siglip2,BFloat16,rotated,9,384,0.69,0.7095,0.995
100k,emb_siglip2,BFloat16,rotated,9,512,0.77,0.7635,1.0
100k,emb_siglip2,BFloat16,rotated,9,640,0.8,0.8015,1.0
100k,emb_siglip2,BFloat16,rotated,9,768,0.825,0.8325,1.0
100k,emb_siglip2,BFloat16,rotated,9,896,0.805,0.8535,1.0
100k,emb_siglip2,BFloat16,rotated,9,1024,0.89,0.883,1.0
100k,emb_siglip2,BFloat16,rotated,9,1152,0.855,0.883,1.0
100k,emb_siglip2,BFloat16,rotated,9,1280,0.865,0.8875,1.0
100k,emb_siglip2,BFloat16,rotated,9,1408,0.875,0.8935,1.0
100k,emb_siglip2,BFloat16,rotated,9,1536,0.89,0.9035,1.0
100k,emb_siglip2,BFloat16,rotated,9,1664,0.9,0.914,1.0
100k,emb_siglip2,BFloat16,rotated,9,1792,0.935,0.92,1.0
100k,emb_siglip2,BFloat16,rotated,9,1920,0.905,0.9325,1.0
100k,emb_siglip2,BFloat16,rotated,9,2048,0.92,0.944,1.0
100k,emb_siglip2,BFloat16,rotated,10,128,0.5,0.5,0.885
100k,emb_siglip2,BFloat16,rotated,10,256,0.655,0.6655,0.995
100k,emb_siglip2,BFloat16,rotated,10,384,0.705,0.726,0.995
100k,emb_siglip2,BFloat16,rotated,10,512,0.775,0.7795,1.0
100k,emb_siglip2,BFloat16,rotated,10,640,0.835,0.819,1.0
100k,emb_siglip2,BFloat16,rotated,10,768,0.865,0.841,1.0
100k,emb_siglip2,BFloat16,rotated,10,896,0.855,0.872,1.0
100k,emb_siglip2,BFloat16,rotated,10,1024,0.89,0.9,1.0
100k,emb_siglip2,BFloat16,rotated,10,1152,0.885,0.8945,1.0
100k,emb_siglip2,BFloat16,rotated,10,1280,0.9,0.903,1.0
100k,emb_siglip2,BFloat16,rotated,10,1408,0.89,0.91,1.0
100k,emb_siglip2,BFloat16,rotated,10,1536,0.925,0.9195,1.0
100k,emb_siglip2,BFloat16,rotated,10,1664,0.93,0.926,1.0
100k,emb_siglip2,BFloat16,rotated,10,1792,0.945,0.9365,1.0
100k,emb_siglip2,BFloat16,rotated,10,1920,0.96,0.951,1.0
100k,emb_siglip2,BFloat16,rotated,10,2048,0.97,0.9615,1.0
100k,emb_siglip2,BFloat16,rotated,11,128,0.51,0.509,0.905
100k,emb_siglip2,BFloat16,rotated,11,256,0.675,0.6685,0.99
100k,emb_siglip2,BFloat16,rotated,11,384,0.7,0.7315,1.0
100k,emb_siglip2,BFloat16,rotated,11,512,0.79,0.7835,1.0
100k,emb_siglip2,BFloat16,rotated,11,640,0.835,0.825,1.0
100k,emb_siglip2,BFloat16,rotated,11,768,0.865,0.8505,1.0
100k,emb_siglip2,BFloat16,rotated,11,896,0.875,0.882,1.0
100k,emb_siglip2,BFloat16,rotated,11,1024,0.895,0.906,1.0
100k,emb_siglip2,BFloat16,rotated,11,1152,0.885,0.9,1.0
100k,emb_siglip2,BFloat16,rotated,11,1280,0.895,0.908,1.0
100k,emb_siglip2,BFloat16,rotated,11,1408,0.895,0.914,1.0
100k,emb_siglip2,BFloat16,rotated,11,1536,0.93,0.923,1.0
100k,emb_siglip2,BFloat16,rotated,11,1664,0.92,0.934,1.0
100k,emb_siglip2,BFloat16,rotated,11,1792,0.945,0.9445,1.0
100k,emb_siglip2,BFloat16,rotated,11,1920,0.95,0.9615,1.0
100k,emb_siglip2,BFloat16,rotated,11,2048,0.98,0.9795,1.0
100k,emb_siglip2,BFloat16,rotated,12,128,0.51,0.5125,0.895
100k,emb_siglip2,BFloat16,rotated,12,256,0.67,0.672,0.99
100k,emb_siglip2,BFloat16,rotated,12,384,0.705,0.7335,1.0
100k,emb_siglip2,BFloat16,rotated,12,512,0.79,0.7875,1.0
100k,emb_siglip2,BFloat16,rotated,12,640,0.825,0.828,1.0
100k,emb_siglip2,BFloat16,rotated,12,768,0.84,0.8525,1.0
100k,emb_siglip2,BFloat16,rotated,12,896,0.875,0.8805,1.0
100k,emb_siglip2,BFloat16,rotated,12,1024,0.89,0.9095,1.0
100k,emb_siglip2,BFloat16,rotated,12,1152,0.885,0.908,1.0
100k,emb_siglip2,BFloat16,rotated,12,1280,0.89,0.908,1.0
100k,emb_siglip2,BFloat16,rotated,12,1408,0.895,0.914,1.0
100k,emb_siglip2,BFloat16,rotated,12,1536,0.935,0.9285,1.0
100k,emb_siglip2,BFloat16,rotated,12,1664,0.92,0.936,1.0
100k,emb_siglip2,BFloat16,rotated,12,1792,0.945,0.949,1.0
100k,emb_siglip2,BFloat16,rotated,12,1920,0.955,0.966,1.0
100k,emb_siglip2,BFloat16,rotated,12,2048,0.99,0.9915,1.0
100k,emb_siglip2,BFloat16,rotated,13,128,0.51,0.511,0.89
100k,emb_siglip2,BFloat16,rotated,13,256,0.665,0.6725,0.99
100k,emb_siglip2,BFloat16,rotated,13,384,0.705,0.734,1.0
100k,emb_siglip2,BFloat16,rotated,13,512,0.795,0.787,1.0
100k,emb_siglip2,BFloat16,rotated,13,640,0.83,0.8305,1.0
100k,emb_siglip2,BFloat16,rotated,13,768,0.86,0.853,1.0
100k,emb_siglip2,BFloat16,rotated,13,896,0.87,0.882,1.0
100k,emb_siglip2,BFloat16,rotated,13,1024,0.89,0.908,1.0
100k,emb_siglip2,BFloat16,rotated,13,1152,0.895,0.9045,1.0
100k,emb_siglip2,BFloat16,rotated,13,1280,0.905,0.9095,1.0
100k,emb_siglip2,BFloat16,rotated,13,1408,0.915,0.9155,1.0
100k,emb_siglip2,BFloat16,rotated,13,1536,0.93,0.9305,1.0
100k,emb_siglip2,BFloat16,rotated,13,1664,0.925,0.9385,1.0
100k,emb_siglip2,BFloat16,rotated,13,1792,0.95,0.9505,1.0
100k,emb_siglip2,BFloat16,rotated,13,1920,0.955,0.966,1.0
100k,emb_siglip2,BFloat16,rotated,13,2048,0.99,0.9955,1.0
100k,emb_siglip2,BFloat16,rotated,14,128,0.52,0.51,0.885
100k,emb_siglip2,BFloat16,rotated,14,256,0.67,0.6715,0.99
100k,emb_siglip2,BFloat16,rotated,14,384,0.71,0.7345,1.0
100k,emb_siglip2,BFloat16,rotated,14,512,0.785,0.786,1.0
100k,emb_siglip2,BFloat16,rotated,14,640,0.83,0.8315,1.0
100k,emb_siglip2,BFloat16,rotated,14,768,0.86,0.854,1.0
100k,emb_siglip2,BFloat16,rotated,14,896,0.87,0.881,1.0
100k,emb_siglip2,BFloat16,rotated,14,1024,0.895,0.908,1.0
100k,emb_siglip2,BFloat16,rotated,14,1152,0.895,0.902,1.0
100k,emb_siglip2,BFloat16,rotated,14,1280,0.905,0.9105,1.0
100k,emb_siglip2,BFloat16,rotated,14,1408,0.91,0.9145,1.0
100k,emb_siglip2,BFloat16,rotated,14,1536,0.93,0.9295,1.0
100k,emb_siglip2,BFloat16,rotated,14,1664,0.92,0.94,1.0
100k,emb_siglip2,BFloat16,rotated,14,1792,0.955,0.9495,1.0
100k,emb_siglip2,BFloat16,rotated,14,1920,0.965,0.9665,1.0
100k,emb_siglip2,BFloat16,rotated,14,2048,1.0,0.999,1.0
100k,emb_siglip2,BFloat16,rotated,15,128,0.515,0.5095,0.895
100k,emb_siglip2,BFloat16,rotated,15,256,0.665,0.673,0.99
100k,emb_siglip2,BFloat16,rotated,15,384,0.705,0.7335,1.0
100k,emb_siglip2,BFloat16,rotated,15,512,0.795,0.784,1.0
100k,emb_siglip2,BFloat16,rotated,15,640,0.825,0.8305,1.0
100k,emb_siglip2,BFloat16,rotated,15,768,0.86,0.8535,1.0
100k,emb_siglip2,BFloat16,rotated,15,896,0.865,0.8815,1.0
100k,emb_siglip2,BFloat16,rotated,15,1024,0.89,0.908,1.0
100k,emb_siglip2,BFloat16,rotated,15,1152,0.9,0.902,1.0
100k,emb_siglip2,BFloat16,rotated,15,1280,0.905,0.911,1.0
100k,emb_siglip2,BFloat16,rotated,15,1408,0.905,0.914,1.0
100k,emb_siglip2,BFloat16,rotated,15,1536,0.93,0.929,1.0
100k,emb_siglip2,BFloat16,rotated,15,1664,0.92,0.9375,1.0
100k,emb_siglip2,BFloat16,rotated,15,1792,0.96,0.949,1.0
100k,emb_siglip2,BFloat16,rotated,15,1920,0.96,0.967,1.0
100k,emb_siglip2,BFloat16,rotated,15,2048,1.0,0.9995,1.0
100k,emb_siglip2,BFloat16,rotated,16,128,0.515,0.5095,0.89
100k,emb_siglip2,BFloat16,rotated,16,256,0.67,0.672,0.99
100k,emb_siglip2,BFloat16,rotated,16,384,0.715,0.733,1.0
100k,emb_siglip2,BFloat16,rotated,16,512,0.79,0.7855,1.0
100k,emb_siglip2,BFloat16,rotated,16,640,0.825,0.8305,1.0
100k,emb_siglip2,BFloat16,rotated,16,768,0.86,0.854,1.0
100k,emb_siglip2,BFloat16,rotated,16,896,0.865,0.8815,1.0
100k,emb_siglip2,BFloat16,rotated,16,1024,0.89,0.908,1.0
100k,emb_siglip2,BFloat16,rotated,16,1152,0.895,0.9015,1.0
100k,emb_siglip2,BFloat16,rotated,16,1280,0.9,0.912,1.0
100k,emb_siglip2,BFloat16,rotated,16,1408,0.905,0.914,1.0
100k,emb_siglip2,BFloat16,rotated,16,1536,0.93,0.9285,1.0
100k,emb_siglip2,BFloat16,rotated,16,1664,0.925,0.938,1.0
100k,emb_siglip2,BFloat16,rotated,16,1792,0.96,0.949,1.0
100k,emb_siglip2,BFloat16,rotated,16,1920,0.96,0.9665,1.0
100k,emb_siglip2,BFloat16,rotated,16,2048,1.0,0.999,1.0
100k,emb_siglip2,Int8,original,1,128,0.31,0.2925,0.685
100k,emb_siglip2,Int8,original,1,256,0.46,0.4535,0.865
100k,emb_siglip2,Int8,original,1,384,0.515,0.525,0.935
100k,emb_siglip2,Int8,original,1,512,0.595,0.5715,0.955
100k,emb_siglip2,Int8,original,1,640,0.64,0.602,0.975
100k,emb_siglip2,Int8,original,1,768,0.665,0.632,0.985
100k,emb_siglip2,Int8,original,1,896,0.69,0.659,0.99
100k,emb_siglip2,Int8,original,1,1024,0.715,0.6775,0.995
100k,emb_siglip2,Int8,original,1,1152,0.715,0.6935,1.0
100k,emb_siglip2,Int8,original,2,128,0.405,0.386,0.785
100k,emb_siglip2,Int8,original,2,256,0.565,0.5505,0.96
100k,emb_siglip2,Int8,original,2,384,0.685,0.6235,0.985
100k,emb_siglip2,Int8,original,2,512,0.715,0.667,0.99
100k,emb_siglip2,Int8,original,2,640,0.745,0.695,0.995
100k,emb_siglip2,Int8,original,2,768,0.77,0.729,1.0
100k,emb_siglip2,Int8,original,2,896,0.785,0.755,1.0
100k,emb_siglip2,Int8,original,2,1024,0.805,0.7795,1.0
100k,emb_siglip2,Int8,original,2,1152,0.81,0.786,1.0
100k,emb_siglip2,Int8,original,3,128,0.405,0.399,0.825
100k,emb_siglip2,Int8,original,3,256,0.615,0.5935,0.96
100k,emb_siglip2,Int8,original,3,384,0.685,0.6575,0.995
100k,emb_siglip2,Int8,original,3,512,0.745,0.707,1.0
100k,emb_siglip2,Int8,original,3,640,0.775,0.742,1.0
100k,emb_siglip2,Int8,original,3,768,0.84,0.7705,1.0
100k,emb_siglip2,Int8,original,3,896,0.815,0.7895,1.0
100k,emb_siglip2,Int8,original,3,1024,0.835,0.815,1.0
100k,emb_siglip2,Int8,original,3,1152,0.84,0.832,1.0
100k,emb_siglip2,Int8,original,4,128,0.405,0.4135,0.815
100k,emb_siglip2,Int8,original,4,256,0.635,0.615,0.97
100k,emb_siglip2,Int8,original,4,384,0.705,0.6785,0.995
100k,emb_siglip2,Int8,original,4,512,0.745,0.7315,1.0
100k,emb_siglip2,Int8,original,4,640,0.765,0.766,1.0
100k,emb_siglip2,Int8,original,4,768,0.83,0.792,1.0
100k,emb_siglip2,Int8,original,4,896,0.845,0.8085,1.0
100k,emb_siglip2,Int8,original,4,1024,0.86,0.8375,1.0
100k,emb_siglip2,Int8,original,4,1152,0.865,0.8505,1.0
100k,emb_siglip2,Int8,original,5,128,0.39,0.409,0.835
100k,emb_siglip2,Int8,original,5,256,0.645,0.626,0.965
100k,emb_siglip2,Int8,original,5,384,0.7,0.688,1.0
100k,emb_siglip2,Int8,original,5,512,0.76,0.7365,1.0
100k,emb_siglip2,Int8,original,5,640,0.795,0.769,1.0
100k,emb_siglip2,Int8,original,5,768,0.85,0.7985,1.0
100k,emb_siglip2,Int8,original,5,896,0.855,0.8125,1.0
100k,emb_siglip2,Int8,original,5,1024,0.86,0.844,1.0
100k,emb_siglip2,Int8,original,5,1152,0.895,0.8655,1.0
100k,emb_siglip2,Int8,original,6,128,0.395,0.4025,0.805
100k,emb_siglip2,Int8,original,6,256,0.655,0.634,0.975
100k,emb_siglip2,Int8,original,6,384,0.705,0.6895,0.995
100k,emb_siglip2,Int8,original,6,512,0.75,0.74,1.0
100k,emb_siglip2,Int8,original,6,640,0.815,0.775,1.0
100k,emb_siglip2,Int8,original,6,768,0.845,0.8055,1.0
100k,emb_siglip2,Int8,original,6,896,0.85,0.825,1.0
100k,emb_siglip2,Int8,original,6,1024,0.875,0.8535,1.0
100k,emb_siglip2,Int8,original,6,1152,0.885,0.8695,1.0
100k,emb_siglip2,Int8,original,7,128,0.395,0.399,0.79
100k,emb_siglip2,Int8,original,7,256,0.66,0.631,0.97
100k,emb_siglip2,Int8,original,7,384,0.715,0.6925,1.0
100k,emb_siglip2,Int8,original,7,512,0.75,0.745,1.0
100k,emb_siglip2,Int8,original,7,640,0.815,0.7755,1.0
100k,emb_siglip2,Int8,original,7,768,0.86,0.8065,1.0
100k,emb_siglip2,Int8,original,7,896,0.865,0.828,1.0
100k,emb_siglip2,Int8,original,7,1024,0.885,0.8545,1.0
100k,emb_siglip2,Int8,original,7,1152,0.895,0.869,1.0
100k,emb_siglip2,Int8,original,8,128,0.37,0.394,0.795
100k,emb_siglip2,Int8,original,8,256,0.645,0.6315,0.97
100k,emb_siglip2,Int8,original,8,384,0.715,0.6965,1.0
100k,emb_siglip2,Int8,original,8,512,0.76,0.7485,1.0
100k,emb_siglip2,Int8,original,8,640,0.805,0.7805,1.0
100k,emb_siglip2,Int8,original,8,768,0.87,0.8145,1.0
100k,emb_siglip2,Int8,original,8,896,0.865,0.832,1.0
100k,emb_siglip2,Int8,original,8,1024,0.885,0.858,1.0
100k,emb_siglip2,Int8,original,8,1152,0.885,0.872,1.0
100k,emb_siglip2,Int8,rotated,1,128,0.25,0.2585,0.555
100k,emb_siglip2,Int8,rotated,1,256,0.38,0.447,0.82
100k,emb_siglip2,Int8,rotated,1,384,0.48,0.5325,0.91
100k,emb_siglip2,Int8,rotated,1,512,0.555,0.6005,0.95
100k,emb_siglip2,Int8,rotated,1,640,0.635,0.637,0.965
100k,emb_siglip2,Int8,rotated,1,768,0.67,0.6705,0.975
100k,emb_siglip2,Int8,rotated,1,896,0.68,0.691,0.995
100k,emb_siglip2,Int8,rotated,1,1024,0.745,0.7145,1.0
100k,emb_siglip2,Int8,rotated,1,1152,0.72,0.7245,1.0
100k,emb_siglip2,Int8,rotated,1,1280,0.735,0.7265,1.0
100k,emb_siglip2,Int8,rotated,1,1408,0.76,0.7385,1.0
100k,emb_siglip2,Int8,rotated,1,1536,0.775,0.749,1.0
100k,emb_siglip2,Int8,rotated,1,1664,0.76,0.757,1.0
100k,emb_siglip2,Int8,rotated,1,1792,0.785,0.7675,1.0
100k,emb_siglip2,Int8,rotated,1,1920,0.805,0.7705,1.0
100k,emb_siglip2,Int8,rotated,1,2048,0.825,0.784,1.0
100k,emb_siglip2,Int8,rotated,2,128,0.41,0.4195,0.825
100k,emb_siglip2,Int8,rotated,2,256,0.555,0.5845,0.95
100k,emb_siglip2,Int8,rotated,2,384,0.66,0.6665,0.965
100k,emb_siglip2,Int8,rotated,2,512,0.705,0.7295,1.0
100k,emb_siglip2,Int8,rotated,2,640,0.755,0.7685,1.0
100k,emb_siglip2,Int8,rotated,2,768,0.805,0.7965,1.0
100k,emb_siglip2,Int8,rotated,2,896,0.805,0.821,1.0
100k,emb_siglip2,Int8,rotated,2,1024,0.82,0.841,1.0
100k,emb_siglip2,Int8,rotated,2,1152,0.825,0.844,1.0
100k,emb_siglip2,Int8,rotated,2,1280,0.84,0.8475,1.0
100k,emb_siglip2,Int8,rotated,2,1408,0.835,0.858,1.0
100k,emb_siglip2,Int8,rotated,2,1536,0.86,0.865,1.0
100k,emb_siglip2,Int8,rotated,2,1664,0.855,0.87,1.0
100k,emb_siglip2,Int8,rotated,2,1792,0.865,0.8765,1.0
100k,emb_siglip2,Int8,rotated,2,1920,0.88,0.8825,1.0
100k,emb_siglip2,Int8,rotated,2,2048,0.875,0.8925,1.0
100k,emb_siglip2,Int8,rotated,3,128,0.49,0.4805,0.885
100k,emb_siglip2,Int8,rotated,3,256,0.645,0.6385,0.985
100k,emb_siglip2,Int8,rotated,3,384,0.715,0.719,0.99
100k,emb_siglip2,Int8,rotated,3,512,0.77,0.766,1.0
100k,emb_siglip2,Int8,rotated,3,640,0.805,0.811,1.0
100k,emb_siglip2,Int8,rotated,3,768,0.83,0.831,1.0
100k,emb_siglip2,Int8,rotated,3,896,0.85,0.859,1.0
100k,emb_siglip2,Int8,rotated,3,1024,0.865,0.881,1.0
100k,emb_siglip2,Int8,rotated,3,1152,0.845,0.882,1.0
100k,emb_siglip2,Int8,rotated,3,1280,0.865,0.888,1.0
100k,emb_siglip2,Int8,rotated,3,1408,0.875,0.893,1.0
100k,emb_siglip2,Int8,rotated,3,1536,0.9,0.9075,1.0
100k,emb_siglip2,Int8,rotated,3,1664,0.905,0.909,1.0
100k,emb_siglip2,Int8,rotated,3,1792,0.915,0.9165,1.0
100k,emb_siglip2,Int8,rotated,3,1920,0.93,0.9285,1.0
100k,emb_siglip2,Int8,rotated,3,2048,0.94,0.934,1.0
100k,emb_siglip2,Int8,rotated,4,128,0.485,0.4965,0.875
100k,emb_siglip2,Int8,rotated,4,256,0.64,0.6615,0.99
100k,emb_siglip2,Int8,rotated,4,384,0.715,0.734,1.0
100k,emb_siglip2,Int8,rotated,4,512,0.79,0.7765,1.0
100k,emb_siglip2,Int8,rotated,4,640,0.82,0.8155,1.0
100k,emb_siglip2,Int8,rotated,4,768,0.85,0.8435,1.0
100k,emb_siglip2,Int8,rotated,4,896,0.865,0.8675,1.0
100k,emb_siglip2,Int8,rotated,4,1024,0.875,0.8955,1.0
100k,emb_siglip2,Int8,rotated,4,1152,0.885,0.8935,1.0
100k,emb_siglip2,Int8,rotated,4,1280,0.91,0.9015,1.0
100k,emb_siglip2,Int8,rotated,4,1408,0.905,0.9025,1.0
100k,emb_siglip2,Int8,rotated,4,1536,0.93,0.9145,1.0
100k,emb_siglip2,Int8,rotated,4,1664,0.93,0.923,1.0
100k,emb_siglip2,Int8,rotated,4,1792,0.93,0.9345,1.0
100k,emb_siglip2,Int8,rotated,4,1920,0.93,0.946,1.0
100k,emb_siglip2,Int8,rotated,4,2048,0.96,0.9595,1.0
100k,emb_siglip2,Int8,rotated,5,128,0.5,0.506,0.88
100k,emb_siglip2,Int8,rotated,5,256,0.655,0.6635,0.985
100k,emb_siglip2,Int8,rotated,5,384,0.705,0.729,1.0
100k,emb_siglip2,Int8,rotated,5,512,0.785,0.7865,1.0
100k,emb_siglip2,Int8,rotated,5,640,0.83,0.8305,1.0
100k,emb_siglip2,Int8,rotated,5,768,0.865,0.852,1.0
100k,emb_siglip2,Int8,rotated,5,896,0.84,0.879,1.0
100k,emb_siglip2,Int8,rotated,5,1024,0.895,0.906,1.0
100k,emb_siglip2,Int8,rotated,5,1152,0.88,0.9015,1.0
100k,emb_siglip2,Int8,rotated,5,1280,0.895,0.9075,1.0
100k,emb_siglip2,Int8,rotated,5,1408,0.905,0.915,1.0
100k,emb_siglip2,Int8,rotated,5,1536,0.93,0.925,1.0
100k,emb_siglip2,Int8,rotated,5,1664,0.935,0.9315,1.0
100k,emb_siglip2,Int8,rotated,5,1792,0.935,0.942,1.0
100k,emb_siglip2,Int8,rotated,5,1920,0.945,0.956,1.0
100k,emb_siglip2,Int8,rotated,5,2048,0.97,0.9735,1.0
100k,emb_siglip2,Int8,rotated,6,128,0.515,0.511,0.88
100k,emb_siglip2,Int8,rotated,6,256,0.665,0.6675,0.985
100k,emb_siglip2,Int8,rotated,6,384,0.705,0.7295,1.0
100k,emb_siglip2,Int8,rotated,6,512,0.785,0.7825,1.0
100k,emb_siglip2,Int8,rotated,6,640,0.825,0.83,1.0
100k,emb_siglip2,Int8,rotated,6,768,0.855,0.8535,1.0
100k,emb_siglip2,Int8,rotated,6,896,0.85,0.88,1.0
100k,emb_siglip2,Int8,rotated,6,1024,0.89,0.9085,1.0
100k,emb_siglip2,Int8,rotated,6,1152,0.895,0.9055,1.0
100k,emb_siglip2,Int8,rotated,6,1280,0.9,0.91,1.0
100k,emb_siglip2,Int8,rotated,6,1408,0.9,0.9155,1.0
100k,emb_siglip2,Int8,rotated,6,1536,0.93,0.929,1.0
100k,emb_siglip2,Int8,rotated,6,1664,0.915,0.937,1.0
100k,emb_siglip2,Int8,rotated,6,1792,0.955,0.948,1.0
100k,emb_siglip2,Int8,rotated,6,1920,0.96,0.9605,1.0
100k,emb_siglip2,Int8,rotated,6,2048,0.99,0.986,1.0
100k,emb_siglip2,Int8,rotated,7,128,0.515,0.509,0.885
100k,emb_siglip2,Int8,rotated,7,256,0.67,0.672,0.99
100k,emb_siglip2,Int8,rotated,7,384,0.71,0.7335,1.0
100k,emb_siglip2,Int8,rotated,7,512,0.79,0.7825,1.0
100k,emb_siglip2,Int8,rotated,7,640,0.825,0.8295,1.0
100k,emb_siglip2,Int8,rotated,7,768,0.865,0.855,1.0
100k,emb_siglip2,Int8,rotated,7,896,0.875,0.8835,1.0
100k,emb_siglip2,Int8,rotated,7,1024,0.895,0.908,1.0
100k,emb_siglip2,Int8,rotated,7,1152,0.89,0.904,1.0
100k,emb_siglip2,Int8,rotated,7,1280,0.91,0.909,1.0
100k,emb_siglip2,Int8,rotated,7,1408,0.905,0.9135,1.0
100k,emb_siglip2,Int8,rotated,7,1536,0.93,0.9295,1.0
100k,emb_siglip2,Int8,rotated,7,1664,0.925,0.936,1.0
100k,emb_siglip2,Int8,rotated,7,1792,0.955,0.9485,1.0
100k,emb_siglip2,Int8,rotated,7,1920,0.96,0.964,1.0
100k,emb_siglip2,Int8,rotated,7,2048,0.985,0.989,1.0
100k,emb_siglip2,Int8,rotated,8,128,0.515,0.5095,0.89
100k,emb_siglip2,Int8,rotated,8,256,0.665,0.673,0.99
100k,emb_siglip2,Int8,rotated,8,384,0.71,0.734,1.0
100k,emb_siglip2,Int8,rotated,8,512,0.79,0.7865,1.0
100k,emb_siglip2,Int8,rotated,8,640,0.83,0.8315,1.0
100k,emb_siglip2,Int8,rotated,8,768,0.86,0.853,1.0
100k,emb_siglip2,Int8,rotated,8,896,0.865,0.8825,1.0
100k,emb_siglip2,Int8,rotated,8,1024,0.89,0.908,1.0
100k,emb_siglip2,Int8,rotated,8,1152,0.895,0.903,1.0
100k,emb_siglip2,Int8,rotated,8,1280,0.895,0.9105,1.0
100k,emb_siglip2,Int8,rotated,8,1408,0.9,0.9145,1.0
100k,emb_siglip2,Int8,rotated,8,1536,0.935,0.9295,1.0
100k,emb_siglip2,Int8,rotated,8,1664,0.935,0.935,1.0
100k,emb_siglip2,Int8,rotated,8,1792,0.955,0.948,1.0
100k,emb_siglip2,Int8,rotated,8,1920,0.95,0.9665,1.0
100k,emb_siglip2,Int8,rotated,8,2048,1.0,0.996,1.0
1m,emb_clip,BFloat16,original,1,128,0.0,0.0,0.0
1m,emb_clip,BFloat16,original,1,256,0.0,0.0,0.0
1m,emb_clip,BFloat16,original,1,384,0.0,0.0,0.0
1m,emb_clip,BFloat16,original,1,512,0.0,0.0,0.0
1m,emb_clip,BFloat16,original,1,640,0.0,0.0,0.0
1m,emb_clip,BFloat16,original,1,768,0.0,0.0,0.0
1m,emb_clip,BFloat16,original,2,128,0.0,0.0,0.0
1m,emb_clip,BFloat16,original,2,256,0.0,0.0,0.0
1m,emb_clip,BFloat16,original,2,384,0.0,0.0,0.0
1m,emb_clip,BFloat16,original,2,512,0.0,0.0,0.0
1m,emb_clip,BFloat16,original,2,640,0.0,0.0,0.0
1m,emb_clip,BFloat16,original,2,768,0.0,0.0,0.0
1m,emb_clip,BFloat16,original,3,128,0.34,0.309,0.695
1m,emb_clip,BFloat16,original,3,256,0.445,0.4615,0.85
1m,emb_clip,BFloat16,original,3,384,0.54,0.5295,0.91
1m,emb_clip,BFloat16,original,3,512,0.575,0.597,0.935
1m,emb_clip,BFloat16,original,3,640,0.645,0.633,0.98
1m,emb_clip,BFloat16,original,3,768,0.64,0.6545,0.98
1m,emb_clip,BFloat16,original,4,128,0.34,0.309,0.695
1m,emb_clip,BFloat16,original,4,256,0.445,0.4615,0.85
1m,emb_clip,BFloat16,original,4,384,0.54,0.5295,0.91
1m,emb_clip,BFloat16,original,4,512,0.575,0.597,0.935
1m,emb_clip,BFloat16,original,4,640,0.645,0.633,0.98
1m,emb_clip,BFloat16,original,4,768,0.64,0.6545,0.98
1m,emb_clip,BFloat16,original,5,128,0.34,0.3075,0.695
1m,emb_clip,BFloat16,original,5,256,0.465,0.4605,0.85
1m,emb_clip,BFloat16,original,5,384,0.545,0.531,0.91
1m,emb_clip,BFloat16,original,5,512,0.585,0.599,0.94
1m,emb_clip,BFloat16,original,5,640,0.64,0.6315,0.98
1m,emb_clip,BFloat16,original,5,768,0.645,0.6545,0.98
1m,emb_clip,BFloat16,original,6,128,0.43,0.3985,0.81
1m,emb_clip,BFloat16,original,6,256,0.555,0.5255,0.895
1m,emb_clip,BFloat16,original,6,384,0.605,0.5955,0.95
1m,emb_clip,BFloat16,original,6,512,0.67,0.662,0.98
1m,emb_clip,BFloat16,original,6,640,0.72,0.692,0.995
1m,emb_clip,BFloat16,original,6,768,0.745,0.722,0.995
1m,emb_clip,BFloat16,original,7,128,0.405,0.391,0.77
1m,emb_clip,BFloat16,original,7,256,0.47,0.447,0.81
1m,emb_clip,BFloat16,original,7,384,0.57,0.542,0.865
1m,emb_clip,BFloat16,original,7,512,0.54,0.568,0.87
1m,emb_clip,BFloat16,original,7,640,0.575,0.6145,0.925
1m,emb_clip,BFloat16,original,7,768,0.54,0.559,0.9
1m,emb_clip,BFloat16,original,8,128,0.43,0.4275,0.825
1m,emb_clip,BFloat16,original,8,256,0.52,0.5225,0.875
1m,emb_clip,BFloat16,original,8,384,0.59,0.6105,0.94
1m,emb_clip,BFloat16,original,8,512,0.435,0.428,0.655
1m,emb_clip,BFloat16,original,8,640,0.5,0.5105,0.78
1m,emb_clip,BFloat16,original,8,768,0.375,0.422,0.65
1m,emb_clip,BFloat16,original,9,128,0.5,0.469,0.865
1m,emb_clip,BFloat16,original,9,256,0.595,0.578,0.91
1m,emb_clip,BFloat16,original,9,384,0.645,0.6625,0.96
1m,emb_clip,BFloat16,original,9,512,0.695,0.668,0.95
1m,emb_clip,BFloat16,original,9,640,0.77,0.7355,0.98
1m,emb_clip,BFloat16,original,9,768,0.735,0.721,0.99
1m,emb_clip,BFloat16,original,10,128,0.51,0.4825,0.87
1m,emb_clip,BFloat16,original,10,256,0.615,0.5945,0.92
1m,emb_clip,BFloat16,original,10,384,0.695,0.678,0.97
1m,emb_clip,BFloat16,original,10,512,0.775,0.7875,0.985
1m,emb_clip,BFloat16,original,10,640,0.835,0.8485,1.0
1m,emb_clip,BFloat16,original,10,768,0.89,0.901,1.0
1m,emb_clip,BFloat16,original,11,128,0.53,0.484,0.875
1m,emb_clip,BFloat16,original,11,256,0.63,0.607,0.91
1m,emb_clip,BFloat16,original,11,384,0.69,0.6795,0.97
1m,emb_clip,BFloat16,original,11,512,0.81,0.825,0.99
1m,emb_clip,BFloat16,original,11,640,0.865,0.8775,1.0
1m,emb_clip,BFloat16,original,11,768,0.94,0.956,1.0
1m,emb_clip,BFloat16,original,12,128,0.515,0.4845,0.875
1m,emb_clip,BFloat16,original,12,256,0.62,0.6085,0.91
1m,emb_clip,BFloat16,original,12,384,0.695,0.679,0.97
1m,emb_clip,BFloat16,original,12,512,0.82,0.8305,0.995
1m,emb_clip,BFloat16,original,12,640,0.865,0.8865,1.0
1m,emb_clip,BFloat16,original,12,768,0.945,0.9695,1.0
1m,emb_clip,BFloat16,original,13,128,0.51,0.4855,0.875
1m,emb_clip,BFloat16,original,13,256,0.62,0.6075,0.905
1m,emb_clip,BFloat16,original,13,384,0.685,0.682,0.97
1m,emb_clip,BFloat16,original,13,512,0.825,0.834,0.99
1m,emb_clip,BFloat16,original,13,640,0.875,0.8905,1.0
1m,emb_clip,BFloat16,original,13,768,0.985,0.983,1.0
1m,emb_clip,BFloat16,original,14,128,0.51,0.4855,0.875
1m,emb_clip,BFloat16,original,14,256,0.62,0.6085,0.905
1m,emb_clip,BFloat16,original,14,384,0.69,0.6815,0.97
1m,emb_clip,BFloat16,original,14,512,0.825,0.837,0.995
1m,emb_clip,BFloat16,original,14,640,0.885,0.8895,1.0
1m,emb_clip,BFloat16,original,14,768,0.98,0.988,1.0
1m,emb_clip,BFloat16,original,15,128,0.51,0.485,0.875
1m,emb_clip,BFloat16,original,15,256,0.62,0.6085,0.91
1m,emb_clip,BFloat16,original,15,384,0.69,0.683,0.97
1m,emb_clip,BFloat16,original,15,512,0.815,0.837,0.995
1m,emb_clip,BFloat16,original,15,640,0.88,0.891,1.0
1m,emb_clip,BFloat16,original,15,768,0.995,0.9945,1.0
1m,emb_clip,BFloat16,original,16,128,0.51,0.4855,0.875
1m,emb_clip,BFloat16,original,16,256,0.625,0.6085,0.91
1m,emb_clip,BFloat16,original,16,384,0.69,0.6835,0.97
1m,emb_clip,BFloat16,original,16,512,0.815,0.8365,0.995
1m,emb_clip,BFloat16,original,16,640,0.88,0.8925,1.0
1m,emb_clip,BFloat16,original,16,768,1.0,1.0,1.0
1m,emb_clip,BFloat16,rotated,1,128,0.0,0.0,0.0
1m,emb_clip,BFloat16,rotated,1,256,0.0,0.0,0.0
1m,emb_clip,BFloat16,rotated,1,384,0.0,0.0,0.0
1m,emb_clip,BFloat16,rotated,1,512,0.0,0.0,0.0
1m,emb_clip,BFloat16,rotated,1,640,0.0,0.0,0.0
1m,emb_clip,BFloat16,rotated,1,768,0.0,0.0,0.0
1m,emb_clip,BFloat16,rotated,2,128,0.0,0.0,0.0
1m,emb_clip,BFloat16,rotated,2,256,0.0,0.0,0.0
1m,emb_clip,BFloat16,rotated,2,384,0.0,0.0,0.0
1m,emb_clip,BFloat16,rotated,2,512,0.0,0.0,0.0
1m,emb_clip,BFloat16,rotated,2,640,0.0,0.0,0.0
1m,emb_clip,BFloat16,rotated,2,768,0.0,0.0,0.0
1m,emb_clip,BFloat16,rotated,3,128,0.23,0.232,0.545
1m,emb_clip,BFloat16,rotated,3,256,0.4,0.4115,0.77
1m,emb_clip,BFloat16,rotated,3,384,0.5,0.5,0.865
1m,emb_clip,BFloat16,rotated,3,512,0.58,0.577,0.915
1m,emb_clip,BFloat16,rotated,3,640,0.575,0.6215,0.975
1m,emb_clip,BFloat16,rotated,3,768,0.625,0.667,0.98
1m,emb_clip,BFloat16,rotated,4,128,0.23,0.232,0.545
1m,emb_clip,BFloat16,rotated,4,256,0.4,0.4115,0.77
1m,emb_clip,BFloat16,rotated,4,384,0.5,0.5,0.865
1m,emb_clip,BFloat16,rotated,4,512,0.58,0.577,0.915
1m,emb_clip,BFloat16,rotated,4,640,0.575,0.6215,0.975
1m,emb_clip,BFloat16,rotated,4,768,0.625,0.667,0.98
1m,emb_clip,BFloat16,rotated,5,128,0.235,0.229,0.54
1m,emb_clip,BFloat16,rotated,5,256,0.4,0.411,0.775
1m,emb_clip,BFloat16,rotated,5,384,0.495,0.501,0.87
1m,emb_clip,BFloat16,rotated,5,512,0.575,0.574,0.92
1m,emb_clip,BFloat16,rotated,5,640,0.575,0.624,0.97
1m,emb_clip,BFloat16,rotated,5,768,0.63,0.666,0.98
1m,emb_clip,BFloat16,rotated,6,128,0.33,0.321,0.665
1m,emb_clip,BFloat16,rotated,6,256,0.45,0.503,0.9
1m,emb_clip,BFloat16,rotated,6,384,0.565,0.5895,0.935
1m,emb_clip,BFloat16,rotated,6,512,0.635,0.6395,0.97
1m,emb_clip,BFloat16,rotated,6,640,0.68,0.689,0.985
1m,emb_clip,BFloat16,rotated,6,768,0.69,0.733,0.995
1m,emb_clip,BFloat16,rotated,7,128,0.32,0.323,0.68
1m,emb_clip,BFloat16,rotated,7,256,0.44,0.5,0.875
1m,emb_clip,BFloat16,rotated,7,384,0.55,0.5825,0.91
1m,emb_clip,BFloat16,rotated,7,512,0.615,0.619,0.935
1m,emb_clip,BFloat16,rotated,7,640,0.645,0.663,0.935
1m,emb_clip,BFloat16,rotated,7,768,0.68,0.6985,0.94
1m,emb_clip,BFloat16,rotated,8,128,0.435,0.437,0.825
1m,emb_clip,BFloat16,rotated,8,256,0.575,0.5945,0.95
1m,emb_clip,BFloat16,rotated,8,384,0.69,0.68,0.98
1m,emb_clip,BFloat16,rotated,8,512,0.76,0.737,0.995
1m,emb_clip,BFloat16,rotated,8,640,0.77,0.789,1.0
1m,emb_clip,BFloat16,rotated,8,768,0.82,0.831,1.0
1m,emb_clip,BFloat16,rotated,9,128,0.465,0.4805,0.88
1m,emb_clip,BFloat16,rotated,9,256,0.67,0.646,0.97
1m,emb_clip,BFloat16,rotated,9,384,0.735,0.7335,0.995
1m,emb_clip,BFloat16,rotated,9,512,0.795,0.7935,0.995
1m,emb_clip,BFloat16,rotated,9,640,0.84,0.8495,1.0
1m,emb_clip,BFloat16,rotated,9,768,0.865,0.8955,1.0
1m,emb_clip,BFloat16,rotated,10,128,0.5,0.518,0.9
1m,emb_clip,BFloat16,rotated,10,256,0.68,0.677,0.98
1m,emb_clip,BFloat16,rotated,10,384,0.75,0.7585,0.995
1m,emb_clip,BFloat16,rotated,10,512,0.845,0.825,1.0
1m,emb_clip,BFloat16,rotated,10,640,0.885,0.877,1.0
1m,emb_clip,BFloat16,rotated,10,768,0.92,0.94,1.0
1m,emb_clip,BFloat16,rotated,11,128,0.525,0.519,0.91
1m,emb_clip,BFloat16,rotated,11,256,0.67,0.683,0.975
1m,emb_clip,BFloat16,rotated,11,384,0.745,0.7755,0.995
1m,emb_clip,BFloat16,rotated,11,512,0.855,0.8365,1.0
1m,emb_clip,BFloat16,rotated,11,640,0.88,0.8965,1.0
1m,emb_clip,BFloat16,rotated,11,768,0.945,0.97,1.0
1m,emb_clip,BFloat16,rotated,12,128,0.51,0.5265,0.905
1m,emb_clip,BFloat16,rotated,12,256,0.685,0.692,0.98
1m,emb_clip,BFloat16,rotated,12,384,0.76,0.7755,0.995
1m,emb_clip,BFloat16,rotated,12,512,0.85,0.839,1.0
1m,emb_clip,BFloat16,rotated,12,640,0.885,0.9,1.0
1m,emb_clip,BFloat16,rotated,12,768,0.985,0.9845,1.0
1m,emb_clip,BFloat16,rotated,13,128,0.53,0.523,0.905
1m,emb_clip,BFloat16,rotated,13,256,0.67,0.69,0.985
1m,emb_clip,BFloat16,rotated,13,384,0.76,0.777,0.995
1m,emb_clip,BFloat16,rotated,13,512,0.86,0.843,1.0
1m,emb_clip,BFloat16,rotated,13,640,0.88,0.899,1.0
1m,emb_clip,BFloat16,rotated,13,768,0.99,0.991,1.0
1m,emb_clip,BFloat16,rotated,14,128,0.525,0.5225,0.905
1m,emb_clip,BFloat16,rotated,14,256,0.675,0.691,0.975
1m,emb_clip,BFloat16,rotated,14,384,0.77,0.7775,0.995
1m,emb_clip,BFloat16,rotated,14,512,0.86,0.841,1.0
1m,emb_clip,BFloat16,rotated,14,640,0.88,0.9005,1.0
1m,emb_clip,BFloat16,rotated,14,768,0.99,0.996,1.0
1m,emb_clip,BFloat16,rotated,15,128,0.525,0.524,0.905
1m,emb_clip,BFloat16,rotated,15,256,0.675,0.689,0.975
1m,emb_clip,BFloat16,rotated,15,384,0.77,0.779,0.995
1m,emb_clip,BFloat16,rotated,15,512,0.86,0.8405,1.0
1m,emb_clip,BFloat16,rotated,15,640,0.885,0.9005,1.0
1m,emb_clip,BFloat16,rotated,15,768,0.995,0.997,1.0
1m,emb_clip,BFloat16,rotated,16,128,0.525,0.525,0.91
1m,emb_clip,BFloat16,rotated,16,256,0.675,0.69,0.975
1m,emb_clip,BFloat16,rotated,16,384,0.765,0.7785,0.995
1m,emb_clip,BFloat16,rotated,16,512,0.86,0.8395,1.0
1m,emb_clip,BFloat16,rotated,16,640,0.88,0.901,1.0
1m,emb_clip,BFloat16,rotated,16,768,0.995,0.9985,1.0
1m,emb_clip,Int8,original,1,128,0.34,0.3095,0.695
1m,emb_clip,Int8,original,1,256,0.45,0.4615,0.85
1m,emb_clip,Int8,original,1,384,0.54,0.531,0.91
1m,emb_clip,Int8,original,1,512,0.575,0.597,0.935
1m,emb_clip,Int8,original,1,640,0.65,0.6335,0.98
1m,emb_clip,Int8,original,1,768,0.635,0.655,0.98
1m,emb_clip,Int8,original,2,128,0.435,0.434,0.825
1m,emb_clip,Int8,original,2,256,0.545,0.566,0.9
1m,emb_clip,Int8,original,2,384,0.625,0.634,0.94
1m,emb_clip,Int8,original,2,512,0.695,0.711,0.99
1m,emb_clip,Int8,original,2,640,0.75,0.7445,1.0
1m,emb_clip,Int8,original,2,768,0.81,0.7805,1.0
1m,emb_clip,Int8,original,3,128,0.49,0.467,0.87
1m,emb_clip,Int8,original,3,256,0.605,0.605,0.915
1m,emb_clip,Int8,original,3,384,0.69,0.67,0.96
1m,emb_clip,Int8,original,3,512,0.76,0.7675,0.995
1m,emb_clip,Int8,original,3,640,0.79,0.8025,1.0
1m,emb_clip,Int8,original,3,768,0.87,0.8455,1.0
1m,emb_clip,Int8,original,4,128,0.51,0.4835,0.875
1m,emb_clip,Int8,original,4,256,0.625,0.617,0.915
1m,emb_clip,Int8,original,4,384,0.695,0.685,0.975
1m,emb_clip,Int8,original,4,512,0.795,0.79,0.995
1m,emb_clip,Int8,original,4,640,0.825,0.8225,1.0
1m,emb_clip,Int8,original,4,768,0.895,0.8805,1.0
1m,emb_clip,Int8,original,5,128,0.515,0.487,0.88
1m,emb_clip,Int8,original,5,256,0.62,0.616,0.92
1m,emb_clip,Int8,original,5,384,0.71,0.6875,0.975
1m,emb_clip,Int8,original,5,512,0.815,0.7975,0.995
1m,emb_clip,Int8,original,5,640,0.85,0.8365,1.0
1m,emb_clip,Int8,original,5,768,0.92,0.9035,1.0
1m,emb_clip,Int8,original,6,128,0.51,0.488,0.88
1m,emb_clip,Int8,original,6,256,0.635,0.62,0.92
1m,emb_clip,Int8,original,6,384,0.7,0.6875,0.975
1m,emb_clip,Int8,original,6,512,0.81,0.809,0.99
1m,emb_clip,Int8,original,6,640,0.86,0.8455,1.0
1m,emb_clip,Int8,original,6,768,0.925,0.9195,1.0
1m,emb_clip,Int8,original,7,128,0.515,0.4865,0.875
1m,emb_clip,Int8,original,7,256,0.62,0.6185,0.925
1m,emb_clip,Int8,original,7,384,0.69,0.6875,0.975
1m,emb_clip,Int8,original,7,512,0.815,0.816,0.99
1m,emb_clip,Int8,original,7,640,0.865,0.8495,1.0
1m,emb_clip,Int8,original,7,768,0.94,0.931,1.0
1m,emb_clip,Int8,original,8,128,0.51,0.4865,0.875
1m,emb_clip,Int8,original,8,256,0.62,0.6135,0.915
1m,emb_clip,Int8,original,8,384,0.695,0.6875,0.975
1m,emb_clip,Int8,original,8,512,0.815,0.8165,0.99
1m,emb_clip,Int8,original,8,640,0.86,0.855,1.0
1m,emb_clip,Int8,original,8,768,0.935,0.936,1.0
1m,emb_clip,Int8,rotated,1,128,0.23,0.2315,0.545
1m,emb_clip,Int8,rotated,1,256,0.4,0.4135,0.775
1m,emb_clip,Int8,rotated,1,384,0.5,0.501,0.865
1m,emb_clip,Int8,rotated,1,512,0.575,0.5755,0.92
1m,emb_clip,Int8,rotated,1,640,0.575,0.6225,0.975
1m,emb_clip,Int8,rotated,1,768,0.625,0.665,0.98
1m,emb_clip,Int8,rotated,2,128,0.395,0.411,0.8
1m,emb_clip,Int8,rotated,2,256,0.555,0.575,0.94
1m,emb_clip,Int8,rotated,2,384,0.665,0.672,0.97
1m,emb_clip,Int8,rotated,2,512,0.755,0.7325,1.0
1m,emb_clip,Int8,rotated,2,640,0.775,0.777,1.0
1m,emb_clip,Int8,rotated,2,768,0.79,0.822,1.0
1m,emb_clip,Int8,rotated,3,128,0.46,0.4895,0.895
1m,emb_clip,Int8,rotated,3,256,0.605,0.647,0.98
1m,emb_clip,Int8,rotated,3,384,0.705,0.7325,0.995
1m,emb_clip,Int8,rotated,3,512,0.8,0.7945,1.0
1m,emb_clip,Int8,rotated,3,640,0.86,0.851,1.0
1m,emb_clip,Int8,rotated,3,768,0.87,0.896,1.0
1m,emb_clip,Int8,rotated,4,128,0.555,0.506,0.88
1m,emb_clip,Int8,rotated,4,256,0.69,0.6615,0.975
1m,emb_clip,Int8,rotated,4,384,0.735,0.7545,0.995
1m,emb_clip,Int8,rotated,4,512,0.835,0.82,1.0
1m,emb_clip,Int8,rotated,4,640,0.885,0.876,1.0
1m,emb_clip,Int8,rotated,4,768,0.93,0.933,1.0
1m,emb_clip,Int8,rotated,5,128,0.495,0.52,0.9
1m,emb_clip,Int8,rotated,5,256,0.695,0.689,0.98
1m,emb_clip,Int8,rotated,5,384,0.755,0.7745,0.995
1m,emb_clip,Int8,rotated,5,512,0.855,0.833,1.0
1m,emb_clip,Int8,rotated,5,640,0.88,0.893,1.0
1m,emb_clip,Int8,rotated,5,768,0.94,0.9645,1.0
1m,emb_clip,Int8,rotated,6,128,0.5,0.526,0.915
1m,emb_clip,Int8,rotated,6,256,0.685,0.687,0.99
1m,emb_clip,Int8,rotated,6,384,0.745,0.776,0.995
1m,emb_clip,Int8,rotated,6,512,0.85,0.842,1.0
1m,emb_clip,Int8,rotated,6,640,0.885,0.8995,1.0
1m,emb_clip,Int8,rotated,6,768,0.99,0.9795,1.0
1m,emb_clip,Int8,rotated,7,128,0.515,0.5255,0.91
1m,emb_clip,Int8,rotated,7,256,0.675,0.6925,0.985
1m,emb_clip,Int8,rotated,7,384,0.765,0.779,0.995
1m,emb_clip,Int8,rotated,7,512,0.855,0.8425,1.0
1m,emb_clip,Int8,rotated,7,640,0.885,0.896,1.0
1m,emb_clip,Int8,rotated,7,768,0.985,0.989,1.0
1m,emb_clip,Int8,rotated,8,128,0.525,0.526,0.91
1m,emb_clip,Int8,rotated,8,256,0.675,0.6935,0.98
1m,emb_clip,Int8,rotated,8,384,0.765,0.7755,0.995
1m,emb_clip,Int8,rotated,8,512,0.86,0.841,1.0
1m,emb_clip,Int8,rotated,8,640,0.88,0.9005,1.0
1m,emb_clip,Int8,rotated,8,768,0.995,0.995,1.0
1m,emb_nomic,BFloat16,original,1,128,0.0,0.0,0.0
1m,emb_nomic,BFloat16,original,1,256,0.0,0.0,0.0
1m,emb_nomic,BFloat16,original,1,384,0.0,0.0,0.0
1m,emb_nomic,BFloat16,original,1,512,0.0,0.0,0.0
1m,emb_nomic,BFloat16,original,1,640,0.0,0.0,0.0
1m,emb_nomic,BFloat16,original,1,768,0.0,0.0,0.0
1m,emb_nomic,BFloat16,original,2,128,0.0,0.0,0.0
1m,emb_nomic,BFloat16,original,2,256,0.0,0.0,0.0
1m,emb_nomic,BFloat16,original,2,384,0.0,0.0,0.0
1m,emb_nomic,BFloat16,original,2,512,0.0,0.0,0.0
1m,emb_nomic,BFloat16,original,2,640,0.0,0.0,0.0
1m,emb_nomic,BFloat16,original,2,768,0.0,0.0,0.0
1m,emb_nomic,BFloat16,original,3,128,0.11,0.149,0.35
1m,emb_nomic,BFloat16,original,3,256,0.3,0.3105,0.695
1m,emb_nomic,BFloat16,original,3,384,0.43,0.3955,0.75
1m,emb_nomic,BFloat16,original,3,512,0.485,0.4635,0.82
1m,emb_nomic,BFloat16,original,3,640,0.535,0.517,0.855
1m,emb_nomic,BFloat16,original,3,768,0.565,0.5615,0.87
1m,emb_nomic,BFloat16,original,4,128,0.11,0.149,0.35
1m,emb_nomic,BFloat16,original,4,256,0.3,0.3105,0.695
1m,emb_nomic,BFloat16,original,4,384,0.43,0.3955,0.75
1m,emb_nomic,BFloat16,original,4,512,0.485,0.4635,0.82
1m,emb_nomic,BFloat16,original,4,640,0.535,0.517,0.855
1m,emb_nomic,BFloat16,original,4,768,0.565,0.5615,0.87
1m,emb_nomic,BFloat16,original,5,128,0.11,0.149,0.355
1m,emb_nomic,BFloat16,original,5,256,0.295,0.3105,0.695
1m,emb_nomic,BFloat16,original,5,384,0.43,0.3955,0.75
1m,emb_nomic,BFloat16,original,5,512,0.49,0.4625,0.82
1m,emb_nomic,BFloat16,original,5,640,0.535,0.518,0.855
1m,emb_nomic,BFloat16,original,5,768,0.565,0.5625,0.87
1m,emb_nomic,BFloat16,original,6,128,0.255,0.2655,0.58
1m,emb_nomic,BFloat16,original,6,256,0.44,0.433,0.805
1m,emb_nomic,BFloat16,original,6,384,0.485,0.5375,0.875
1m,emb_nomic,BFloat16,original,6,512,0.565,0.601,0.895
1m,emb_nomic,BFloat16,original,6,640,0.6,0.637,0.93
1m,emb_nomic,BFloat16,original,6,768,0.635,0.679,0.93
1m,emb_nomic,BFloat16,original,7,128,0.275,0.2665,0.59
1m,emb_nomic,BFloat16,original,7,256,0.445,0.436,0.8
1m,emb_nomic,BFloat16,original,7,384,0.475,0.5395,0.865
1m,emb_nomic,BFloat16,original,7,512,0.57,0.6015,0.895
1m,emb_nomic,BFloat16,original,7,640,0.595,0.6395,0.925
1m,emb_nomic,BFloat16,original,7,768,0.625,0.68,0.92
1m,emb_nomic,BFloat16,original,8,128,0.445,0.4755,0.8
1m,emb_nomic,BFloat16,original,8,256,0.57,0.6285,0.965
1m,emb_nomic,BFloat16,original,8,384,0.655,0.69,0.985
1m,emb_nomic,BFloat16,original,8,512,0.72,0.755,1.0
1m,emb_nomic,BFloat16,original,8,640,0.73,0.7855,0.995
1m,emb_nomic,BFloat16,original,8,768,0.76,0.8225,1.0
1m,emb_nomic,BFloat16,original,9,128,0.52,0.545,0.89
1m,emb_nomic,BFloat16,original,9,256,0.645,0.6975,0.985
1m,emb_nomic,BFloat16,original,9,384,0.695,0.762,0.995
1m,emb_nomic,BFloat16,original,9,512,0.78,0.8135,0.995
1m,emb_nomic,BFloat16,original,9,640,0.815,0.853,1.0
1m,emb_nomic,BFloat16,original,9,768,0.825,0.8795,1.0
1m,emb_nomic,BFloat16,original,10,128,0.625,0.603,0.93
1m,emb_nomic,BFloat16,original,10,256,0.705,0.7445,0.99
1m,emb_nomic,BFloat16,original,10,384,0.755,0.8045,1.0
1m,emb_nomic,BFloat16,original,10,512,0.84,0.8535,1.0
1m,emb_nomic,BFloat16,original,10,640,0.86,0.904,1.0
1m,emb_nomic,BFloat16,original,10,768,0.915,0.9365,1.0
1m,emb_nomic,BFloat16,original,11,128,0.635,0.629,0.955
1m,emb_nomic,BFloat16,original,11,256,0.705,0.758,0.99
1m,emb_nomic,BFloat16,original,11,384,0.78,0.82,0.995
1m,emb_nomic,BFloat16,original,11,512,0.875,0.8785,1.0
1m,emb_nomic,BFloat16,original,11,640,0.885,0.9215,1.0
1m,emb_nomic,BFloat16,original,11,768,0.945,0.963,1.0
1m,emb_nomic,BFloat16,original,12,128,0.64,0.6365,0.96
1m,emb_nomic,BFloat16,original,12,256,0.715,0.767,0.99
1m,emb_nomic,BFloat16,original,12,384,0.785,0.8215,1.0
1m,emb_nomic,BFloat16,original,12,512,0.88,0.885,1.0
1m,emb_nomic,BFloat16,original,12,640,0.9,0.9305,1.0
1m,emb_nomic,BFloat16,original,12,768,0.975,0.9805,1.0
1m,emb_nomic,BFloat16,original,13,128,0.64,0.638,0.955
1m,emb_nomic,BFloat16,original,13,256,0.725,0.7685,0.99
1m,emb_nomic,BFloat16,original,13,384,0.795,0.824,1.0
1m,emb_nomic,BFloat16,original,13,512,0.885,0.8855,1.0
1m,emb_nomic,BFloat16,original,13,640,0.9,0.9305,1.0
1m,emb_nomic,BFloat16,original,13,768,0.985,0.987,1.0
1m,emb_nomic,BFloat16,original,14,128,0.645,0.639,0.955
1m,emb_nomic,BFloat16,original,14,256,0.73,0.77,0.99
1m,emb_nomic,BFloat16,original,14,384,0.79,0.8245,1.0
1m,emb_nomic,BFloat16,original,14,512,0.885,0.8845,1.0
1m,emb_nomic,BFloat16,original,14,640,0.905,0.93,1.0
1m,emb_nomic,BFloat16,original,14,768,0.98,0.994,1.0
1m,emb_nomic,BFloat16,original,15,128,0.645,0.639,0.955
1m,emb_nomic,BFloat16,original,15,256,0.725,0.77,0.995
1m,emb_nomic,BFloat16,original,15,384,0.785,0.827,1.0
1m,emb_nomic,BFloat16,original,15,512,0.88,0.887,1.0
1m,emb_nomic,BFloat16,original,15,640,0.905,0.93,1.0
1m,emb_nomic,BFloat16,original,15,768,1.0,0.9965,1.0
1m,emb_nomic,BFloat16,original,16,128,0.645,0.6395,0.96
1m,emb_nomic,BFloat16,original,16,256,0.73,0.769,0.995
1m,emb_nomic,BFloat16,original,16,384,0.785,0.826,1.0
1m,emb_nomic,BFloat16,original,16,512,0.88,0.886,1.0
1m,emb_nomic,BFloat16,original,16,640,0.9,0.929,1.0
1m,emb_nomic,BFloat16,original,16,768,1.0,1.0,1.0
1m,emb_nomic,BFloat16,rotated,1,128,0.0,0.0,0.0
1m,emb_nomic,BFloat16,rotated,1,256,0.0,0.0,0.0
1m,emb_nomic,BFloat16,rotated,1,384,0.0,0.0,0.0
1m,emb_nomic,BFloat16,rotated,1,512,0.0,0.0,0.0
1m,emb_nomic,BFloat16,rotated,1,640,0.0,0.0,0.0
1m,emb_nomic,BFloat16,rotated,1,768,0.0,0.0,0.0
1m,emb_nomic,BFloat16,rotated,2,128,0.0,0.0,0.0
1m,emb_nomic,BFloat16,rotated,2,256,0.0,0.0,0.0
1m,emb_nomic,BFloat16,rotated,2,384,0.0,0.0,0.0
1m,emb_nomic,BFloat16,rotated,2,512,0.0,0.0,0.0
1m,emb_nomic,BFloat16,rotated,2,640,0.0,0.0,0.0
1m,emb_nomic,BFloat16,rotated,2,768,0.0,0.0,0.0
1m,emb_nomic,BFloat16,rotated,3,128,0.185,0.219,0.485
1m,emb_nomic,BFloat16,rotated,3,256,0.355,0.3985,0.7
1m,emb_nomic,BFloat16,rotated,3,384,0.45,0.51,0.84
1m,emb_nomic,BFloat16,rotated,3,512,0.51,0.5725,0.91
1m,emb_nomic,BFloat16,rotated,3,640,0.57,0.617,0.935
1m,emb_nomic,BFloat16,rotated,3,768,0.62,0.653,0.95
1m,emb_nomic,BFloat16,rotated,4,128,0.185,0.219,0.485
1m,emb_nomic,BFloat16,rotated,4,256,0.355,0.3985,0.7
1m,emb_nomic,BFloat16,rotated,4,384,0.45,0.51,0.84
1m,emb_nomic,BFloat16,rotated,4,512,0.51,0.5725,0.91
1m,emb_nomic,BFloat16,rotated,4,640,0.57,0.617,0.935
1m,emb_nomic,BFloat16,rotated,4,768,0.62,0.653,0.95
1m,emb_nomic,BFloat16,rotated,5,128,0.18,0.221,0.495
1m,emb_nomic,BFloat16,rotated,5,256,0.365,0.397,0.71
1m,emb_nomic,BFloat16,rotated,5,384,0.44,0.509,0.845
1m,emb_nomic,BFloat16,rotated,5,512,0.51,0.569,0.905
1m,emb_nomic,BFloat16,rotated,5,640,0.585,0.6145,0.93
1m,emb_nomic,BFloat16,rotated,5,768,0.635,0.657,0.95
1m,emb_nomic,BFloat16,rotated,6,128,0.29,0.316,0.64
1m,emb_nomic,BFloat16,rotated,6,256,0.445,0.485,0.845
1m,emb_nomic,BFloat16,rotated,6,384,0.545,0.5895,0.925
1m,emb_nomic,BFloat16,rotated,6,512,0.565,0.656,0.965
1m,emb_nomic,BFloat16,rotated,6,640,0.645,0.6895,0.975
1m,emb_nomic,BFloat16,rotated,6,768,0.675,0.722,0.985
1m,emb_nomic,BFloat16,rotated,7,128,0.28,0.3165,0.63
1m,emb_nomic,BFloat16,rotated,7,256,0.375,0.396,0.6
1m,emb_nomic,BFloat16,rotated,7,384,0.395,0.4215,0.575
1m,emb_nomic,BFloat16,rotated,7,512,0.4,0.4625,0.575
1m,emb_nomic,BFloat16,rotated,7,640,0.435,0.4785,0.545
1m,emb_nomic,BFloat16,rotated,7,768,0.445,0.495,0.57
1m,emb_nomic,BFloat16,rotated,8,128,0.445,0.4575,0.85
1m,emb_nomic,BFloat16,rotated,8,256,0.59,0.6055,0.955
1m,emb_nomic,BFloat16,rotated,8,384,0.655,0.6885,0.97
1m,emb_nomic,BFloat16,rotated,8,512,0.72,0.7455,0.99
1m,emb_nomic,BFloat16,rotated,8,640,0.77,0.784,1.0
1m,emb_nomic,BFloat16,rotated,8,768,0.765,0.8105,1.0
1m,emb_nomic,BFloat16,rotated,9,128,0.52,0.532,0.885
1m,emb_nomic,BFloat16,rotated,9,256,0.63,0.6825,0.97
1m,emb_nomic,BFloat16,rotated,9,384,0.67,0.7665,0.995
1m,emb_nomic,BFloat16,rotated,9,512,0.71,0.816,1.0
1m,emb_nomic,BFloat16,rotated,9,640,0.785,0.8425,1.0
1m,emb_nomic,BFloat16,rotated,9,768,0.825,0.8765,1.0
1m,emb_nomic,BFloat16,rotated,10,128,0.55,0.5815,0.915
1m,emb_nomic,BFloat16,rotated,10,256,0.675,0.74,0.99
1m,emb_nomic,BFloat16,rotated,10,384,0.73,0.804,0.995
1m,emb_nomic,BFloat16,rotated,10,512,0.785,0.859,1.0
1m,emb_nomic,BFloat16,rotated,10,640,0.865,0.8935,1.0
1m,emb_nomic,BFloat16,rotated,10,768,0.91,0.932,1.0
1m,emb_nomic,BFloat16,rotated,11,128,0.575,0.603,0.925
1m,emb_nomic,BFloat16,rotated,11,256,0.69,0.757,0.99
1m,emb_nomic,BFloat16,rotated,11,384,0.78,0.8285,1.0
1m,emb_nomic,BFloat16,rotated,11,512,0.83,0.877,1.0
1m,emb_nomic,BFloat16,rotated,11,640,0.88,0.912,1.0
1m,emb_nomic,BFloat16,rotated,11,768,0.94,0.965,1.0
1m,emb_nomic,BFloat16,rotated,12,128,0.59,0.6095,0.93
1m,emb_nomic,BFloat16,rotated,12,256,0.715,0.758,0.985
1m,emb_nomic,BFloat16,rotated,12,384,0.765,0.834,1.0
1m,emb_nomic,BFloat16,rotated,12,512,0.85,0.8835,1.0
1m,emb_nomic,BFloat16,rotated,12,640,0.895,0.9215,1.0
1m,emb_nomic,BFloat16,rotated,12,768,0.985,0.981,1.0
1m,emb_nomic,BFloat16,rotated,13,128,0.595,0.611,0.925
1m,emb_nomic,BFloat16,rotated,13,256,0.705,0.7635,0.985
1m,emb_nomic,BFloat16,rotated,13,384,0.775,0.833,1.0
1m,emb_nomic,BFloat16,rotated,13,512,0.845,0.8855,1.0
1m,emb_nomic,BFloat16,rotated,13,640,0.895,0.9205,1.0
1m,emb_nomic,BFloat16,rotated,13,768,0.98,0.99,1.0
1m,emb_nomic,BFloat16,rotated,14,128,0.59,0.6125,0.925
1m,emb_nomic,BFloat16,rotated,14,256,0.7,0.7645,0.985
1m,emb_nomic,BFloat16,rotated,14,384,0.775,0.834,1.0
1m,emb_nomic,BFloat16,rotated,14,512,0.835,0.886,1.0
1m,emb_nomic,BFloat16,rotated,14,640,0.895,0.9205,1.0
1m,emb_nomic,BFloat16,rotated,14,768,1.0,0.995,1.0
1m,emb_nomic,BFloat16,rotated,15,128,0.59,0.6125,0.93
1m,emb_nomic,BFloat16,rotated,15,256,0.7,0.765,0.985
1m,emb_nomic,BFloat16,rotated,15,384,0.77,0.835,1.0
1m,emb_nomic,BFloat16,rotated,15,512,0.835,0.8865,1.0
1m,emb_nomic,BFloat16,rotated,15,640,0.9,0.92,1.0
1m,emb_nomic,BFloat16,rotated,15,768,1.0,0.9965,1.0
1m,emb_nomic,BFloat16,rotated,16,128,0.59,0.613,0.93
1m,emb_nomic,BFloat16,rotated,16,256,0.7,0.765,0.99
1m,emb_nomic,BFloat16,rotated,16,384,0.77,0.836,1.0
1m,emb_nomic,BFloat16,rotated,16,512,0.835,0.8855,1.0
1m,emb_nomic,BFloat16,rotated,16,640,0.9,0.9215,1.0
1m,emb_nomic,BFloat16,rotated,16,768,1.0,0.998,1.0
1m,emb_nomic,Int8,original,1,128,0.11,0.1465,0.345
1m,emb_nomic,Int8,original,1,256,0.29,0.3015,0.69
1m,emb_nomic,Int8,original,1,384,0.41,0.385,0.74
1m,emb_nomic,Int8,original,1,512,0.45,0.46,0.81
1m,emb_nomic,Int8,original,1,640,0.52,0.515,0.85
1m,emb_nomic,Int8,original,1,768,0.545,0.5575,0.865
1m,emb_nomic,Int8,original,2,128,0.4,0.45,0.795
1m,emb_nomic,Int8,original,2,256,0.54,0.596,0.94
1m,emb_nomic,Int8,original,2,384,0.605,0.6815,0.96
1m,emb_nomic,Int8,original,2,512,0.675,0.7375,0.985
1m,emb_nomic,Int8,original,2,640,0.745,0.7735,1.0
1m,emb_nomic,Int8,original,2,768,0.75,0.805,1.0
1m,emb_nomic,Int8,original,3,128,0.55,0.5555,0.895
1m,emb_nomic,Int8,original,3,256,0.65,0.7025,0.985
1m,emb_nomic,Int8,original,3,384,0.705,0.7645,0.99
1m,emb_nomic,Int8,original,3,512,0.755,0.815,1.0
1m,emb_nomic,Int8,original,3,640,0.82,0.8625,1.0
1m,emb_nomic,Int8,original,3,768,0.835,0.8865,1.0
1m,emb_nomic,Int8,original,4,128,0.59,0.6005,0.93
1m,emb_nomic,Int8,original,4,256,0.7,0.735,0.99
1m,emb_nomic,Int8,original,4,384,0.73,0.795,0.995
1m,emb_nomic,Int8,original,4,512,0.825,0.845,1.0
1m,emb_nomic,Int8,original,4,640,0.855,0.88,1.0
1m,emb_nomic,Int8,original,4,768,0.89,0.9175,1.0
1m,emb_nomic,Int8,original,5,128,0.615,0.6315,0.96
1m,emb_nomic,Int8,original,5,256,0.715,0.7555,0.995
1m,emb_nomic,Int8,original,5,384,0.785,0.8125,1.0
1m,emb_nomic,Int8,original,5,512,0.87,0.8675,1.0
1m,emb_nomic,Int8,original,5,640,0.91,0.917,1.0
1m,emb_nomic,Int8,original,5,768,0.93,0.9565,1.0
1m,emb_nomic,Int8,original,6,128,0.63,0.633,0.96
1m,emb_nomic,Int8,original,6,256,0.705,0.761,0.995
1m,emb_nomic,Int8,original,6,384,0.79,0.82,1.0
1m,emb_nomic,Int8,original,6,512,0.875,0.8815,1.0
1m,emb_nomic,Int8,original,6,640,0.905,0.9275,1.0
1m,emb_nomic,Int8,original,6,768,0.96,0.979,1.0
1m,emb_nomic,Int8,original,7,128,0.645,0.636,0.965
1m,emb_nomic,Int8,original,7,256,0.725,0.7675,0.995
1m,emb_nomic,Int8,original,7,384,0.785,0.821,1.0
1m,emb_nomic,Int8,original,7,512,0.89,0.8855,1.0
1m,emb_nomic,Int8,original,7,640,0.905,0.931,1.0
1m,emb_nomic,Int8,original,7,768,0.98,0.9855,1.0
1m,emb_nomic,Int8,original,8,128,0.65,0.6365,0.955
1m,emb_nomic,Int8,original,8,256,0.73,0.7675,0.995
1m,emb_nomic,Int8,original,8,384,0.785,0.8235,1.0
1m,emb_nomic,Int8,original,8,512,0.885,0.8865,1.0
1m,emb_nomic,Int8,original,8,640,0.905,0.9305,1.0
1m,emb_nomic,Int8,original,8,768,0.985,0.994,1.0
1m,emb_nomic,Int8,rotated,1,128,0.19,0.22,0.485
1m,emb_nomic,Int8,rotated,1,256,0.36,0.396,0.705
1m,emb_nomic,Int8,rotated,1,384,0.45,0.51,0.845
1m,emb_nomic,Int8,rotated,1,512,0.51,0.571,0.91
1m,emb_nomic,Int8,rotated,1,640,0.57,0.617,0.935
1m,emb_nomic,Int8,rotated,1,768,0.625,0.655,0.95
1m,emb_nomic,Int8,rotated,2,128,0.395,0.4335,0.785
1m,emb_nomic,Int8,rotated,2,256,0.575,0.606,0.94
1m,emb_nomic,Int8,rotated,2,384,0.625,0.692,0.98
1m,emb_nomic,Int8,rotated,2,512,0.68,0.7405,1.0
1m,emb_nomic,Int8,rotated,2,640,0.73,0.776,1.0
1m,emb_nomic,Int8,rotated,2,768,0.745,0.8145,1.0
1m,emb_nomic,Int8,rotated,3,128,0.525,0.545,0.92
1m,emb_nomic,Int8,rotated,3,256,0.68,0.6915,0.97
1m,emb_nomic,Int8,rotated,3,384,0.725,0.7725,0.99
1m,emb_nomic,Int8,rotated,3,512,0.79,0.825,1.0
1m,emb_nomic,Int8,rotated,3,640,0.82,0.856,1.0
1m,emb_nomic,Int8,rotated,3,768,0.88,0.89,1.0
1m,emb_nomic,Int8,rotated,4,128,0.555,0.5635,0.915
1m,emb_nomic,Int8,rotated,4,256,0.655,0.7255,0.985
1m,emb_nomic,Int8,rotated,4,384,0.695,0.8125,1.0
1m,emb_nomic,Int8,rotated,4,512,0.75,0.8545,1.0
1m,emb_nomic,Int8,rotated,4,640,0.83,0.89,1.0
1m,emb_nomic,Int8,rotated,4,768,0.895,0.9265,1.0
1m,emb_nomic,Int8,rotated,5,128,0.56,0.589,0.92
1m,emb_nomic,Int8,rotated,5,256,0.665,0.746,0.985
1m,emb_nomic,Int8,rotated,5,384,0.76,0.819,1.0
1m,emb_nomic,Int8,rotated,5,512,0.815,0.868,1.0
1m,emb_nomic,Int8,rotated,5,640,0.89,0.907,1.0
1m,emb_nomic,Int8,rotated,5,768,0.93,0.9495,1.0
1m,emb_nomic,Int8,rotated,6,128,0.58,0.602,0.925
1m,emb_nomic,Int8,rotated,6,256,0.69,0.755,0.985
1m,emb_nomic,Int8,rotated,6,384,0.76,0.8285,1.0
1m,emb_nomic,Int8,rotated,6,512,0.825,0.881,1.0
1m,emb_nomic,Int8,rotated,6,640,0.9,0.916,1.0
1m,emb_nomic,Int8,rotated,6,768,0.95,0.9725,1.0
1m,emb_nomic,Int8,rotated,7,128,0.59,0.607,0.93
1m,emb_nomic,Int8,rotated,7,256,0.71,0.76,0.985
1m,emb_nomic,Int8,rotated,7,384,0.76,0.8325,1.0
1m,emb_nomic,Int8,rotated,7,512,0.825,0.8815,1.0
1m,emb_nomic,Int8,rotated,7,640,0.9,0.9175,1.0
1m,emb_nomic,Int8,rotated,7,768,0.97,0.984,1.0
1m,emb_nomic,Int8,rotated,8,128,0.585,0.6125,0.925
1m,emb_nomic,Int8,rotated,8,256,0.705,0.7615,0.985
1m,emb_nomic,Int8,rotated,8,384,0.76,0.832,1.0
1m,emb_nomic,Int8,rotated,8,512,0.83,0.8835,1.0
1m,emb_nomic,Int8,rotated,8,640,0.905,0.9225,1.0
1m,emb_nomic,Int8,rotated,8,768,0.995,0.9945,1.0
1m,emb_siglip2,BFloat16,original,1,128,0.0,0.0,0.0
1m,emb_siglip2,BFloat16,original,1,256,0.0,0.0,0.0
1m,emb_siglip2,BFloat16,original,1,384,0.0,0.0,0.0
1m,emb_siglip2,BFloat16,original,1,512,0.0,0.0,0.0
1m,emb_siglip2,BFloat16,original,1,640,0.0,0.0,0.0
1m,emb_siglip2,BFloat16,original,1,768,0.0,0.0,0.0
1m,emb_siglip2,BFloat16,original,1,896,0.0,0.0,0.0
1m,emb_siglip2,BFloat16,original,1,1024,0.0,0.0,0.0
1m,emb_siglip2,BFloat16,original,1,1152,0.0,0.0,0.0
1m,emb_siglip2,BFloat16,original,2,128,0.0,0.0,0.0
1m,emb_siglip2,BFloat16,original,2,256,0.0,0.0,0.0
1m,emb_siglip2,BFloat16,original,2,384,0.0,0.0,0.0
1m,emb_siglip2,BFloat16,original,2,512,0.0,0.0,0.0
1m,emb_siglip2,BFloat16,original,2,640,0.0,0.0,0.0
1m,emb_siglip2,BFloat16,original,2,768,0.0,0.0,0.0
1m,emb_siglip2,BFloat16,original,2,896,0.0,0.0,0.0
1m,emb_siglip2,BFloat16,original,2,1024,0.0,0.0,0.0
1m,emb_siglip2,BFloat16,original,2,1152,0.0,0.0,0.0
1m,emb_siglip2,BFloat16,original,3,128,0.38,0.3165,0.755
1m,emb_siglip2,BFloat16,original,3,256,0.575,0.4895,0.915
1m,emb_siglip2,BFloat16,original,3,384,0.61,0.56,0.98
1m,emb_siglip2,BFloat16,original,3,512,0.68,0.603,0.98
1m,emb_siglip2,BFloat16,original,3,640,0.675,0.636,1.0
1m,emb_siglip2,BFloat16,original,3,768,0.7,0.6695,1.0
1m,emb_siglip2,BFloat16,original,3,896,0.73,0.687,1.0
1m,emb_siglip2,BFloat16,original,3,1024,0.745,0.707,1.0
1m,emb_siglip2,BFloat16,original,3,1152,0.75,0.7275,1.0
1m,emb_siglip2,BFloat16,original,4,128,0.38,0.3165,0.755
1m,emb_siglip2,BFloat16,original,4,256,0.575,0.4895,0.915
1m,emb_siglip2,BFloat16,original,4,384,0.61,0.56,0.98
1m,emb_siglip2,BFloat16,original,4,512,0.68,0.603,0.98
1m,emb_siglip2,BFloat16,original,4,640,0.675,0.636,1.0
1m,emb_siglip2,BFloat16,original,4,768,0.7,0.6695,1.0
1m,emb_siglip2,BFloat16,original,4,896,0.73,0.687,1.0
1m,emb_siglip2,BFloat16,original,4,1024,0.745,0.707,1.0
1m,emb_siglip2,BFloat16,original,4,1152,0.75,0.7275,1.0
1m,emb_siglip2,BFloat16,original,5,128,0.38,0.317,0.755
1m,emb_siglip2,BFloat16,original,5,256,0.575,0.492,0.915
1m,emb_siglip2,BFloat16,original,5,384,0.61,0.5615,0.98
1m,emb_siglip2,BFloat16,original,5,512,0.675,0.6045,0.98
1m,emb_siglip2,BFloat16,original,5,640,0.675,0.6365,1.0
1m,emb_siglip2,BFloat16,original,5,768,0.705,0.6695,1.0
1m,emb_siglip2,BFloat16,original,5,896,0.73,0.688,1.0
1m,emb_siglip2,BFloat16,original,5,1024,0.745,0.7075,1.0
1m,emb_siglip2,BFloat16,original,5,1152,0.75,0.7255,1.0
1m,emb_siglip2,BFloat16,original,6,128,0.465,0.3905,0.805
1m,emb_siglip2,BFloat16,original,6,256,0.58,0.564,0.945
1m,emb_siglip2,BFloat16,original,6,384,0.695,0.6345,0.98
1m,emb_siglip2,BFloat16,original,6,512,0.73,0.6785,0.995
1m,emb_siglip2,BFloat16,original,6,640,0.755,0.713,1.0
1m,emb_siglip2,BFloat16,original,6,768,0.77,0.742,1.0
1m,emb_siglip2,BFloat16,original,6,896,0.77,0.7615,1.0
1m,emb_siglip2,BFloat16,original,6,1024,0.81,0.784,1.0
1m,emb_siglip2,BFloat16,original,6,1152,0.815,0.7965,1.0
1m,emb_siglip2,BFloat16,original,7,128,0.45,0.384,0.78
1m,emb_siglip2,BFloat16,original,7,256,0.555,0.556,0.925
1m,emb_siglip2,BFloat16,original,7,384,0.655,0.626,0.955
1m,emb_siglip2,BFloat16,original,7,512,0.63,0.622,0.96
1m,emb_siglip2,BFloat16,original,7,640,0.685,0.6635,0.975
1m,emb_siglip2,BFloat16,original,7,768,0.7,0.6975,0.97
1m,emb_siglip2,BFloat16,original,7,896,0.7,0.72,0.975
1m,emb_siglip2,BFloat16,original,7,1024,0.705,0.7225,0.99
1m,emb_siglip2,BFloat16,original,7,1152,0.71,0.7315,0.99
1m,emb_siglip2,BFloat16,original,8,128,0.075,0.0565,0.115
1m,emb_siglip2,BFloat16,original,8,256,0.155,0.1215,0.245
1m,emb_siglip2,BFloat16,original,8,384,0.225,0.1925,0.395
1m,emb_siglip2,BFloat16,original,8,512,0.165,0.14,0.265
1m,emb_siglip2,BFloat16,original,8,640,0.26,0.194,0.385
1m,emb_siglip2,BFloat16,original,8,768,0.275,0.2275,0.52
1m,emb_siglip2,BFloat16,original,8,896,0.385,0.2855,0.665
1m,emb_siglip2,BFloat16,original,8,1024,0.48,0.343,0.76
1m,emb_siglip2,BFloat16,original,8,1152,0.55,0.4055,0.87
1m,emb_siglip2,BFloat16,original,9,128,0.385,0.2965,0.73
1m,emb_siglip2,BFloat16,original,9,256,0.585,0.464,0.9
1m,emb_siglip2,BFloat16,original,9,384,0.645,0.57,0.97
1m,emb_siglip2,BFloat16,original,9,512,0.68,0.5665,0.96
1m,emb_siglip2,BFloat16,original,9,640,0.76,0.6485,0.99
1m,emb_siglip2,BFloat16,original,9,768,0.775,0.695,1.0
1m,emb_siglip2,BFloat16,original,9,896,0.79,0.7505,1.0
1m,emb_siglip2,BFloat16,original,9,1024,0.85,0.793,1.0
1m,emb_siglip2,BFloat16,original,9,1152,0.865,0.8295,1.0
1m,emb_siglip2,BFloat16,original,10,128,0.55,0.4685,0.885
1m,emb_siglip2,BFloat16,original,10,256,0.695,0.646,0.98
1m,emb_siglip2,BFloat16,original,10,384,0.73,0.7075,0.99
1m,emb_siglip2,BFloat16,original,10,512,0.77,0.755,0.99
1m,emb_siglip2,BFloat16,original,10,640,0.82,0.797,0.99
1m,emb_siglip2,BFloat16,original,10,768,0.84,0.8325,0.99
1m,emb_siglip2,BFloat16,original,10,896,0.855,0.867,1.0
1m,emb_siglip2,BFloat16,original,10,1024,0.87,0.8895,1.0
1m,emb_siglip2,BFloat16,original,10,1152,0.9,0.9125,1.0
1m,emb_siglip2,BFloat16,original,11,128,0.57,0.477,0.91
1m,emb_siglip2,BFloat16,original,11,256,0.69,0.6485,0.985
1m,emb_siglip2,BFloat16,original,11,384,0.735,0.713,0.995
1m,emb_siglip2,BFloat16,original,11,512,0.795,0.7555,0.995
1m,emb_siglip2,BFloat16,original,11,640,0.83,0.8005,1.0
1m,emb_siglip2,BFloat16,original,11,768,0.855,0.84,1.0
1m,emb_siglip2,BFloat16,original,11,896,0.885,0.883,1.0
1m,emb_siglip2,BFloat16,original,11,1024,0.92,0.914,1.0
1m,emb_siglip2,BFloat16,original,11,1152,0.94,0.944,1.0
1m,emb_siglip2,BFloat16,original,12,128,0.55,0.4835,0.92
1m,emb_siglip2,BFloat16,original,12,256,0.69,0.6485,0.995
1m,emb_siglip2,BFloat16,original,12,384,0.745,0.715,0.995
1m,emb_siglip2,BFloat16,original,12,512,0.805,0.766,1.0
1m,emb_siglip2,BFloat16,original,12,640,0.845,0.807,1.0
1m,emb_siglip2,BFloat16,original,12,768,0.87,0.85,1.0
1m,emb_siglip2,BFloat16,original,12,896,0.895,0.8935,1.0
1m,emb_siglip2,BFloat16,original,12,1024,0.935,0.9315,1.0
1m,emb_siglip2,BFloat16,original,12,1152,0.97,0.973,1.0
1m,emb_siglip2,BFloat16,original,13,128,0.56,0.482,0.905
1m,emb_siglip2,BFloat16,original,13,256,0.675,0.6495,0.99
1m,emb_siglip2,BFloat16,original,13,384,0.755,0.7205,0.995
1m,emb_siglip2,BFloat16,original,13,512,0.805,0.7645,1.0
1m,emb_siglip2,BFloat16,original,13,640,0.82,0.8115,1.0
1m,emb_siglip2,BFloat16,original,13,768,0.87,0.8525,1.0
1m,emb_siglip2,BFloat16,original,13,896,0.91,0.895,1.0
1m,emb_siglip2,BFloat16,original,13,1024,0.955,0.9365,1.0
1m,emb_siglip2,BFloat16,original,13,1152,0.99,0.9865,1.0
1m,emb_siglip2,BFloat16,original,14,128,0.54,0.479,0.905
1m,emb_siglip2,BFloat16,original,14,256,0.68,0.65,0.99
1m,emb_siglip2,BFloat16,original,14,384,0.755,0.7215,0.995
1m,emb_siglip2,BFloat16,original,14,512,0.805,0.766,1.0
1m,emb_siglip2,BFloat16,original,14,640,0.835,0.8105,1.0
1m,emb_siglip2,BFloat16,original,14,768,0.87,0.854,1.0
1m,emb_siglip2,BFloat16,original,14,896,0.91,0.896,1.0
1m,emb_siglip2,BFloat16,original,14,1024,0.95,0.9365,1.0
1m,emb_siglip2,BFloat16,original,14,1152,0.995,0.993,1.0
1m,emb_siglip2,BFloat16,original,15,128,0.545,0.478,0.905
1m,emb_siglip2,BFloat16,original,15,256,0.685,0.6485,0.99
1m,emb_siglip2,BFloat16,original,15,384,0.75,0.7205,0.995
1m,emb_siglip2,BFloat16,original,15,512,0.81,0.766,1.0
1m,emb_siglip2,BFloat16,original,15,640,0.83,0.811,1.0
1m,emb_siglip2,BFloat16,original,15,768,0.87,0.8525,1.0
1m,emb_siglip2,BFloat16,original,15,896,0.9,0.8965,1.0
1m,emb_siglip2,BFloat16,original,15,1024,0.955,0.937,1.0
1m,emb_siglip2,BFloat16,original,15,1152,0.995,0.9945,1.0
1m,emb_siglip2,BFloat16,original,16,128,0.54,0.479,0.905
1m,emb_siglip2,BFloat16,original,16,256,0.685,0.6485,0.99
1m,emb_siglip2,BFloat16,original,16,384,0.75,0.722,0.995
1m,emb_siglip2,BFloat16,original,16,512,0.8,0.765,1.0
1m,emb_siglip2,BFloat16,original,16,640,0.825,0.8125,1.0
1m,emb_siglip2,BFloat16,original,16,768,0.87,0.855,1.0
1m,emb_siglip2,BFloat16,original,16,896,0.905,0.896,1.0
1m,emb_siglip2,BFloat16,original,16,1024,0.96,0.939,1.0
1m,emb_siglip2,BFloat16,original,16,1152,1.0,1.0,1.0
1m,emb_siglip2,BFloat16,rotated,1,128,0.0,0.0,0.0
1m,emb_siglip2,BFloat16,rotated,1,256,0.0,0.0,0.0
1m,emb_siglip2,BFloat16,rotated,1,384,0.0,0.0,0.0
1m,emb_siglip2,BFloat16,rotated,1,512,0.0,0.0,0.0
1m,emb_siglip2,BFloat16,rotated,1,640,0.0,0.0,0.0
1m,emb_siglip2,BFloat16,rotated,1,768,0.0,0.0,0.0
1m,emb_siglip2,BFloat16,rotated,1,896,0.0,0.0,0.0
1m,emb_siglip2,BFloat16,rotated,1,1024,0.0,0.0,0.0
1m,emb_siglip2,BFloat16,rotated,1,1152,0.0,0.0,0.0
1m,emb_siglip2,BFloat16,rotated,1,1280,0.0,0.0,0.0
1m,emb_siglip2,BFloat16,rotated,1,1408,0.0,0.0,0.0
1m,emb_siglip2,BFloat16,rotated,1,1536,0.0,0.0,0.0
1m,emb_siglip2,BFloat16,rotated,1,1664,0.0,0.0,0.0
1m,emb_siglip2,BFloat16,rotated,1,1792,0.0,0.0,0.0
1m,emb_siglip2,BFloat16,rotated,1,1920,0.0,0.0,0.0
1m,emb_siglip2,BFloat16,rotated,1,2048,0.0,0.0,0.0
1m,emb_siglip2,BFloat16,rotated,2,128,0.0,0.0,0.0
1m,emb_siglip2,BFloat16,rotated,2,256,0.0,0.0,0.0
1m,emb_siglip2,BFloat16,rotated,2,384,0.0,0.0,0.0
1m,emb_siglip2,BFloat16,rotated,2,512,0.0,0.0,0.0
1m,emb_siglip2,BFloat16,rotated,2,640,0.0,0.0,0.0
1m,emb_siglip2,BFloat16,rotated,2,768,0.0,0.0,0.0
1m,emb_siglip2,BFloat16,rotated,2,896,0.0,0.0,0.0
1m,emb_siglip2,BFloat16,rotated,2,1024,0.0,0.0,0.0
1m,emb_siglip2,BFloat16,rotated,2,1152,0.0,0.0,0.0
1m,emb_siglip2,BFloat16,rotated,2,1280,0.0,0.0,0.0
1m,emb_siglip2,BFloat16,rotated,2,1408,0.0,0.0,0.0
1m,emb_siglip2,BFloat16,rotated,2,1536,0.0,0.0,0.0
1m,emb_siglip2,BFloat16,rotated,2,1664,0.0,0.0,0.0
1m,emb_siglip2,BFloat16,rotated,2,1792,0.0,0.0,0.0
1m,emb_siglip2,BFloat16,rotated,2,1920,0.0,0.0,0.0
1m,emb_siglip2,BFloat16,rotated,2,2048,0.0,0.0,0.0
1m,emb_siglip2,BFloat16,rotated,3,128,0.31,0.252,0.61
1m,emb_siglip2,BFloat16,rotated,3,256,0.465,0.438,0.875
1m,emb_siglip2,BFloat16,rotated,3,384,0.59,0.5295,0.93
1m,emb_siglip2,BFloat16,rotated,3,512,0.64,0.594,0.96
1m,emb_siglip2,BFloat16,rotated,3,640,0.655,0.6405,0.99
1m,emb_siglip2,BFloat16,rotated,3,768,0.71,0.671,0.99
1m,emb_siglip2,BFloat16,rotated,3,896,0.73,0.695,0.99
1m,emb_siglip2,BFloat16,rotated,3,1024,0.72,0.729,0.995
1m,emb_siglip2,BFloat16,rotated,3,1152,0.725,0.731,1.0
1m,emb_siglip2,BFloat16,rotated,3,1280,0.74,0.7395,1.0
1m,emb_siglip2,BFloat16,rotated,3,1408,0.735,0.7525,1.0
1m,emb_siglip2,BFloat16,rotated,3,1536,0.755,0.7565,1.0
1m,emb_siglip2,BFloat16,rotated,3,1664,0.78,0.7665,1.0
1m,emb_siglip2,BFloat16,rotated,3,1792,0.775,0.7835,1.0
1m,emb_siglip2,BFloat16,rotated,3,1920,0.79,0.788,1.0
1m,emb_siglip2,BFloat16,rotated,3,2048,0.82,0.7975,1.0
1m,emb_siglip2,BFloat16,rotated,4,128,0.31,0.252,0.61
1m,emb_siglip2,BFloat16,rotated,4,256,0.465,0.438,0.875
1m,emb_siglip2,BFloat16,rotated,4,384,0.59,0.5295,0.93
1m,emb_siglip2,BFloat16,rotated,4,512,0.64,0.594,0.96
1m,emb_siglip2,BFloat16,rotated,4,640,0.655,0.6405,0.99
1m,emb_siglip2,BFloat16,rotated,4,768,0.71,0.671,0.99
1m,emb_siglip2,BFloat16,rotated,4,896,0.73,0.695,0.99
1m,emb_siglip2,BFloat16,rotated,4,1024,0.72,0.729,0.995
1m,emb_siglip2,BFloat16,rotated,4,1152,0.725,0.731,1.0
1m,emb_siglip2,BFloat16,rotated,4,1280,0.74,0.7395,1.0
1m,emb_siglip2,BFloat16,rotated,4,1408,0.735,0.7525,1.0
1m,emb_siglip2,BFloat16,rotated,4,1536,0.755,0.7565,1.0
1m,emb_siglip2,BFloat16,rotated,4,1664,0.78,0.7665,1.0
1m,emb_siglip2,BFloat16,rotated,4,1792,0.775,0.7835,1.0
1m,emb_siglip2,BFloat16,rotated,4,1920,0.79,0.788,1.0
1m,emb_siglip2,BFloat16,rotated,4,2048,0.82,0.7975,1.0
1m,emb_siglip2,BFloat16,rotated,5,128,0.295,0.2495,0.61
1m,emb_siglip2,BFloat16,rotated,5,256,0.465,0.4365,0.88
1m,emb_siglip2,BFloat16,rotated,5,384,0.585,0.532,0.93
1m,emb_siglip2,BFloat16,rotated,5,512,0.645,0.5955,0.96
1m,emb_siglip2,BFloat16,rotated,5,640,0.66,0.6405,0.995
1m,emb_siglip2,BFloat16,rotated,5,768,0.7,0.6685,0.99
1m,emb_siglip2,BFloat16,rotated,5,896,0.72,0.6945,0.99
1m,emb_siglip2,BFloat16,rotated,5,1024,0.73,0.7275,0.995
1m,emb_siglip2,BFloat16,rotated,5,1152,0.73,0.732,1.0
1m,emb_siglip2,BFloat16,rotated,5,1280,0.75,0.7415,1.0
1m,emb_siglip2,BFloat16,rotated,5,1408,0.74,0.7555,1.0
1m,emb_siglip2,BFloat16,rotated,5,1536,0.75,0.758,1.0
1m,emb_siglip2,BFloat16,rotated,5,1664,0.775,0.77,1.0
1m,emb_siglip2,BFloat16,rotated,5,1792,0.775,0.784,1.0
1m,emb_siglip2,BFloat16,rotated,5,1920,0.79,0.7885,1.0
1m,emb_siglip2,BFloat16,rotated,5,2048,0.805,0.7985,1.0
1m,emb_siglip2,BFloat16,rotated,6,128,0.42,0.3725,0.795
1m,emb_siglip2,BFloat16,rotated,6,256,0.615,0.547,0.95
1m,emb_siglip2,BFloat16,rotated,6,384,0.695,0.6315,0.98
1m,emb_siglip2,BFloat16,rotated,6,512,0.72,0.7075,0.985
1m,emb_siglip2,BFloat16,rotated,6,640,0.74,0.737,1.0
1m,emb_siglip2,BFloat16,rotated,6,768,0.79,0.7685,1.0
1m,emb_siglip2,BFloat16,rotated,6,896,0.805,0.784,1.0
1m,emb_siglip2,BFloat16,rotated,6,1024,0.82,0.807,1.0
1m,emb_siglip2,BFloat16,rotated,6,1152,0.8,0.811,1.0
1m,emb_siglip2,BFloat16,rotated,6,1280,0.825,0.8225,1.0
1m,emb_siglip2,BFloat16,rotated,6,1408,0.82,0.833,1.0
1m,emb_siglip2,BFloat16,rotated,6,1536,0.83,0.8375,1.0
1m,emb_siglip2,BFloat16,rotated,6,1664,0.83,0.8435,1.0
1m,emb_siglip2,BFloat16,rotated,6,1792,0.815,0.854,1.0
1m,emb_siglip2,BFloat16,rotated,6,1920,0.825,0.8615,1.0
1m,emb_siglip2,BFloat16,rotated,6,2048,0.845,0.8615,1.0
1m,emb_siglip2,BFloat16,rotated,7,128,0.43,0.374,0.795
1m,emb_siglip2,BFloat16,rotated,7,256,0.63,0.547,0.95
1m,emb_siglip2,BFloat16,rotated,7,384,0.7,0.636,0.975
1m,emb_siglip2,BFloat16,rotated,7,512,0.73,0.709,0.98
1m,emb_siglip2,BFloat16,rotated,7,640,0.75,0.7385,1.0
1m,emb_siglip2,BFloat16,rotated,7,768,0.795,0.7715,1.0
1m,emb_siglip2,BFloat16,rotated,7,896,0.815,0.788,1.0
1m,emb_siglip2,BFloat16,rotated,7,1024,0.82,0.81,1.0
1m,emb_siglip2,BFloat16,rotated,7,1152,0.8,0.813,1.0
1m,emb_siglip2,BFloat16,rotated,7,1280,0.82,0.8235,1.0
1m,emb_siglip2,BFloat16,rotated,7,1408,0.825,0.8355,1.0
1m,emb_siglip2,BFloat16,rotated,7,1536,0.835,0.8405,1.0
1m,emb_siglip2,BFloat16,rotated,7,1664,0.84,0.842,1.0
1m,emb_siglip2,BFloat16,rotated,7,1792,0.815,0.855,1.0
1m,emb_siglip2,BFloat16,rotated,7,1920,0.835,0.8595,1.0
1m,emb_siglip2,BFloat16,rotated,7,2048,0.85,0.8665,1.0
1m,emb_siglip2,BFloat16,rotated,8,128,0.445,0.413,0.8
1m,emb_siglip2,BFloat16,rotated,8,256,0.625,0.591,0.975
1m,emb_siglip2,BFloat16,rotated,8,384,0.71,0.6595,0.995
1m,emb_siglip2,BFloat16,rotated,8,512,0.73,0.7265,0.995
1m,emb_siglip2,BFloat16,rotated,8,640,0.785,0.769,1.0
1m,emb_siglip2,BFloat16,rotated,8,768,0.815,0.7965,1.0
1m,emb_siglip2,BFloat16,rotated,8,896,0.845,0.81,1.0
1m,emb_siglip2,BFloat16,rotated,8,1024,0.865,0.839,1.0
1m,emb_siglip2,BFloat16,rotated,8,1152,0.855,0.8385,1.0
1m,emb_siglip2,BFloat16,rotated,8,1280,0.865,0.848,1.0
1m,emb_siglip2,BFloat16,rotated,8,1408,0.89,0.8545,1.0
1m,emb_siglip2,BFloat16,rotated,8,1536,0.885,0.862,1.0
1m,emb_siglip2,BFloat16,rotated,8,1664,0.885,0.864,1.0
1m,emb_siglip2,BFloat16,rotated,8,1792,0.895,0.8725,1.0
1m,emb_siglip2,BFloat16,rotated,8,1920,0.905,0.8835,1.0
1m,emb_siglip2,BFloat16,rotated,8,2048,0.91,0.8935,1.0
1m,emb_siglip2,BFloat16,rotated,9,128,0.545,0.495,0.87
1m,emb_siglip2,BFloat16,rotated,9,256,0.72,0.66,0.995
1m,emb_siglip2,BFloat16,rotated,9,384,0.775,0.7235,1.0
1m,emb_siglip2,BFloat16,rotated,9,512,0.82,0.792,0.995
1m,emb_siglip2,BFloat16,rotated,9,640,0.845,0.83,1.0
1m,emb_siglip2,BFloat16,rotated,9,768,0.87,0.8495,1.0
1m,emb_siglip2,BFloat16,rotated,9,896,0.885,0.8675,1.0
1m,emb_siglip2,BFloat16,rotated,9,1024,0.91,0.8885,1.0
1m,emb_siglip2,BFloat16,rotated,9,1152,0.915,0.89,1.0
1m,emb_siglip2,BFloat16,rotated,9,1280,0.93,0.8955,1.0
1m,emb_siglip2,BFloat16,rotated,9,1408,0.925,0.903,1.0
1m,emb_siglip2,BFloat16,rotated,9,1536,0.92,0.913,1.0
1m,emb_siglip2,BFloat16,rotated,9,1664,0.92,0.912,1.0
1m,emb_siglip2,BFloat16,rotated,9,1792,0.935,0.9225,1.0
1m,emb_siglip2,BFloat16,rotated,9,1920,0.93,0.9295,1.0
1m,emb_siglip2,BFloat16,rotated,9,2048,0.94,0.9375,1.0
1m,emb_siglip2,BFloat16,rotated,10,128,0.585,0.523,0.895
1m,emb_siglip2,BFloat16,rotated,10,256,0.74,0.6795,0.995
1m,emb_siglip2,BFloat16,rotated,10,384,0.78,0.7465,1.0
1m,emb_siglip2,BFloat16,rotated,10,512,0.825,0.8095,1.0
1m,emb_siglip2,BFloat16,rotated,10,640,0.88,0.8455,1.0
1m,emb_siglip2,BFloat16,rotated,10,768,0.91,0.876,1.0
1m,emb_siglip2,BFloat16,rotated,10,896,0.9,0.8895,1.0
1m,emb_siglip2,BFloat16,rotated,10,1024,0.9,0.919,1.0
1m,emb_siglip2,BFloat16,rotated,10,1152,0.9,0.9105,1.0
1m,emb_siglip2,BFloat16,rotated,10,1280,0.9,0.9145,1.0
1m,emb_siglip2,BFloat16,rotated,10,1408,0.925,0.9255,1.0
1m,emb_siglip2,BFloat16,rotated,10,1536,0.94,0.9295,1.0
1m,emb_siglip2,BFloat16,rotated,10,1664,0.93,0.937,1.0
1m,emb_siglip2,BFloat16,rotated,10,1792,0.955,0.943,1.0
1m,emb_siglip2,BFloat16,rotated,10,1920,0.97,0.952,1.0
1m,emb_siglip2,BFloat16,rotated,10,2048,0.97,0.967,1.0
1m,emb_siglip2,BFloat16,rotated,11,128,0.6,0.528,0.915
1m,emb_siglip2,BFloat16,rotated,11,256,0.745,0.6845,0.99
1m,emb_siglip2,BFloat16,rotated,11,384,0.805,0.7565,1.0
1m,emb_siglip2,BFloat16,rotated,11,512,0.835,0.812,1.0
1m,emb_siglip2,BFloat16,rotated,11,640,0.87,0.8545,1.0
1m,emb_siglip2,BFloat16,rotated,11,768,0.9,0.876,1.0
1m,emb_siglip2,BFloat16,rotated,11,896,0.905,0.892,1.0
1m,emb_siglip2,BFloat16,rotated,11,1024,0.905,0.926,1.0
1m,emb_siglip2,BFloat16,rotated,11,1152,0.9,0.9175,1.0
1m,emb_siglip2,BFloat16,rotated,11,1280,0.92,0.919,1.0
1m,emb_siglip2,BFloat16,rotated,11,1408,0.93,0.9335,1.0
1m,emb_siglip2,BFloat16,rotated,11,1536,0.925,0.937,1.0
1m,emb_siglip2,BFloat16,rotated,11,1664,0.94,0.943,1.0
1m,emb_siglip2,BFloat16,rotated,11,1792,0.95,0.952,1.0
1m,emb_siglip2,BFloat16,rotated,11,1920,0.965,0.962,1.0
1m,emb_siglip2,BFloat16,rotated,11,2048,0.975,0.9805,1.0
1m,emb_siglip2,BFloat16,rotated,12,128,0.615,0.5345,0.915
1m,emb_siglip2,BFloat16,rotated,12,256,0.76,0.6925,1.0
1m,emb_siglip2,BFloat16,rotated,12,384,0.795,0.7615,1.0
1m,emb_siglip2,BFloat16,rotated,12,512,0.84,0.8205,1.0
1m,emb_siglip2,BFloat16,rotated,12,640,0.88,0.8555,1.0
1m,emb_siglip2,BFloat16,rotated,12,768,0.9,0.8795,1.0
1m,emb_siglip2,BFloat16,rotated,12,896,0.905,0.8955,1.0
1m,emb_siglip2,BFloat16,rotated,12,1024,0.92,0.9265,1.0
1m,emb_siglip2,BFloat16,rotated,12,1152,0.91,0.9175,1.0
1m,emb_siglip2,BFloat16,rotated,12,1280,0.92,0.9265,1.0
1m,emb_siglip2,BFloat16,rotated,12,1408,0.925,0.933,1.0
1m,emb_siglip2,BFloat16,rotated,12,1536,0.94,0.936,1.0
1m,emb_siglip2,BFloat16,rotated,12,1664,0.94,0.9465,1.0
1m,emb_siglip2,BFloat16,rotated,12,1792,0.96,0.9515,1.0
1m,emb_siglip2,BFloat16,rotated,12,1920,0.975,0.9645,1.0
1m,emb_siglip2,BFloat16,rotated,12,2048,0.985,0.991,1.0
1m,emb_siglip2,BFloat16,rotated,13,128,0.625,0.5355,0.91
1m,emb_siglip2,BFloat16,rotated,13,256,0.765,0.693,1.0
1m,emb_siglip2,BFloat16,rotated,13,384,0.795,0.763,1.0
1m,emb_siglip2,BFloat16,rotated,13,512,0.845,0.8175,1.0
1m,emb_siglip2,BFloat16,rotated,13,640,0.89,0.8585,1.0
1m,emb_siglip2,BFloat16,rotated,13,768,0.9,0.879,1.0
1m,emb_siglip2,BFloat16,rotated,13,896,0.905,0.897,1.0
1m,emb_siglip2,BFloat16,rotated,13,1024,0.92,0.928,1.0
1m,emb_siglip2,BFloat16,rotated,13,1152,0.905,0.9185,1.0
1m,emb_siglip2,BFloat16,rotated,13,1280,0.91,0.927,1.0
1m,emb_siglip2,BFloat16,rotated,13,1408,0.93,0.935,1.0
1m,emb_siglip2,BFloat16,rotated,13,1536,0.94,0.9375,1.0
1m,emb_siglip2,BFloat16,rotated,13,1664,0.95,0.9465,1.0
1m,emb_siglip2,BFloat16,rotated,13,1792,0.96,0.9545,1.0
1m,emb_siglip2,BFloat16,rotated,13,1920,0.98,0.968,1.0
1m,emb_siglip2,BFloat16,rotated,13,2048,0.985,0.996,1.0
1m,emb_siglip2,BFloat16,rotated,14,128,0.625,0.5325,0.91
1m,emb_siglip2,BFloat16,rotated,14,256,0.77,0.695,1.0
1m,emb_siglip2,BFloat16,rotated,14,384,0.805,0.7625,1.0
1m,emb_siglip2,BFloat16,rotated,14,512,0.845,0.817,1.0
1m,emb_siglip2,BFloat16,rotated,14,640,0.885,0.858,1.0
1m,emb_siglip2,BFloat16,rotated,14,768,0.915,0.8805,1.0
1m,emb_siglip2,BFloat16,rotated,14,896,0.905,0.896,1.0
1m,emb_siglip2,BFloat16,rotated,14,1024,0.92,0.9275,1.0
1m,emb_siglip2,BFloat16,rotated,14,1152,0.91,0.918,1.0
1m,emb_siglip2,BFloat16,rotated,14,1280,0.915,0.9265,1.0
1m,emb_siglip2,BFloat16,rotated,14,1408,0.93,0.9355,1.0
1m,emb_siglip2,BFloat16,rotated,14,1536,0.94,0.9385,1.0
1m,emb_siglip2,BFloat16,rotated,14,1664,0.945,0.946,1.0
1m,emb_siglip2,BFloat16,rotated,14,1792,0.955,0.9545,1.0
1m,emb_siglip2,BFloat16,rotated,14,1920,0.975,0.9685,1.0
1m,emb_siglip2,BFloat16,rotated,14,2048,0.99,0.9985,1.0
1m,emb_siglip2,BFloat16,rotated,15,128,0.62,0.532,0.915
1m,emb_siglip2,BFloat16,rotated,15,256,0.77,0.696,1.0
1m,emb_siglip2,BFloat16,rotated,15,384,0.805,0.7615,1.0
1m,emb_siglip2,BFloat16,rotated,15,512,0.84,0.8185,1.0
1m,emb_siglip2,BFloat16,rotated,15,640,0.885,0.857,1.0
1m,emb_siglip2,BFloat16,rotated,15,768,0.915,0.88,1.0
1m,emb_siglip2,BFloat16,rotated,15,896,0.905,0.8965,1.0
1m,emb_siglip2,BFloat16,rotated,15,1024,0.92,0.928,1.0
1m,emb_siglip2,BFloat16,rotated,15,1152,0.91,0.9175,1.0
1m,emb_siglip2,BFloat16,rotated,15,1280,0.92,0.927,1.0
1m,emb_siglip2,BFloat16,rotated,15,1408,0.925,0.935,1.0
1m,emb_siglip2,BFloat16,rotated,15,1536,0.945,0.9385,1.0
1m,emb_siglip2,BFloat16,rotated,15,1664,0.945,0.9455,1.0
1m,emb_siglip2,BFloat16,rotated,15,1792,0.955,0.9555,1.0
1m,emb_siglip2,BFloat16,rotated,15,1920,0.975,0.968,1.0
1m,emb_siglip2,BFloat16,rotated,15,2048,0.99,0.9995,1.0
1m,emb_siglip2,BFloat16,rotated,16,128,0.62,0.5325,0.915
1m,emb_siglip2,BFloat16,rotated,16,256,0.77,0.695,1.0
1m,emb_siglip2,BFloat16,rotated,16,384,0.805,0.762,1.0
1m,emb_siglip2,BFloat16,rotated,16,512,0.84,0.817,1.0
1m,emb_siglip2,BFloat16,rotated,16,640,0.89,0.8565,1.0
1m,emb_siglip2,BFloat16,rotated,16,768,0.915,0.88,1.0
1m,emb_siglip2,BFloat16,rotated,16,896,0.91,0.8965,1.0
1m,emb_siglip2,BFloat16,rotated,16,1024,0.92,0.928,1.0
1m,emb_siglip2,BFloat16,rotated,16,1152,0.91,0.918,1.0
1m,emb_siglip2,BFloat16,rotated,16,1280,0.92,0.9265,1.0
1m,emb_siglip2,BFloat16,rotated,16,1408,0.925,0.935,1.0
1m,emb_siglip2,BFloat16,rotated,16,1536,0.945,0.9375,1.0
1m,emb_siglip2,BFloat16,rotated,16,1664,0.945,0.9455,1.0
1m,emb_siglip2,BFloat16,rotated,16,1792,0.955,0.9555,1.0
1m,emb_siglip2,BFloat16,rotated,16,1920,0.975,0.9685,1.0
1m,emb_siglip2,BFloat16,rotated,16,2048,1.0,0.999,1.0
1m,emb_siglip2,Int8,original,1,128,0.375,0.3165,0.75
1m,emb_siglip2,Int8,original,1,256,0.565,0.489,0.91
1m,emb_siglip2,Int8,original,1,384,0.615,0.557,0.98
1m,emb_siglip2,Int8,original,1,512,0.665,0.603,0.98
1m,emb_siglip2,Int8,original,1,640,0.67,0.634,1.0
1m,emb_siglip2,Int8,original,1,768,0.705,0.6685,1.0
1m,emb_siglip2,Int8,original,1,896,0.72,0.689,1.0
1m,emb_siglip2,Int8,original,1,1024,0.75,0.7055,1.0
1m,emb_siglip2,Int8,original,1,1152,0.76,0.7265,1.0
1m,emb_siglip2,Int8,original,2,128,0.49,0.4375,0.915
1m,emb_siglip2,Int8,original,2,256,0.635,0.6095,0.985
1m,emb_siglip2,Int8,original,2,384,0.695,0.67,1.0
1m,emb_siglip2,Int8,original,2,512,0.75,0.717,1.0
1m,emb_siglip2,Int8,original,2,640,0.795,0.747,1.0
1m,emb_siglip2,Int8,original,2,768,0.82,0.781,1.0
1m,emb_siglip2,Int8,original,2,896,0.83,0.8035,1.0
1m,emb_siglip2,Int8,original,2,1024,0.84,0.8175,1.0
1m,emb_siglip2,Int8,original,2,1152,0.85,0.832,1.0
1m,emb_siglip2,Int8,original,3,128,0.5,0.442,0.88
1m,emb_siglip2,Int8,original,3,256,0.63,0.642,0.98
1m,emb_siglip2,Int8,original,3,384,0.725,0.703,0.995
1m,emb_siglip2,Int8,original,3,512,0.785,0.7475,1.0
1m,emb_siglip2,Int8,original,3,640,0.81,0.791,1.0
1m,emb_siglip2,Int8,original,3,768,0.825,0.8185,1.0
1m,emb_siglip2,Int8,original,3,896,0.865,0.8515,1.0
1m,emb_siglip2,Int8,original,3,1024,0.895,0.868,1.0
1m,emb_siglip2,Int8,original,3,1152,0.895,0.8795,1.0
1m,emb_siglip2,Int8,original,4,128,0.525,0.454,0.875
1m,emb_siglip2,Int8,original,4,256,0.66,0.648,0.985
1m,emb_siglip2,Int8,original,4,384,0.735,0.715,0.995
1m,emb_siglip2,Int8,original,4,512,0.775,0.7645,1.0
1m,emb_siglip2,Int8,original,4,640,0.825,0.807,1.0
1m,emb_siglip2,Int8,original,4,768,0.86,0.8405,1.0
1m,emb_siglip2,Int8,original,4,896,0.88,0.8715,1.0
1m,emb_siglip2,Int8,original,4,1024,0.915,0.8885,1.0
1m,emb_siglip2,Int8,original,4,1152,0.92,0.9065,1.0
1m,emb_siglip2,Int8,original,5,128,0.5,0.4435,0.885
1m,emb_siglip2,Int8,original,5,256,0.68,0.665,0.985
1m,emb_siglip2,Int8,original,5,384,0.765,0.721,0.995
1m,emb_siglip2,Int8,original,5,512,0.81,0.7695,1.0
1m,emb_siglip2,Int8,original,5,640,0.85,0.821,1.0
1m,emb_siglip2,Int8,original,5,768,0.865,0.853,1.0
1m,emb_siglip2,Int8,original,5,896,0.9,0.878,1.0
1m,emb_siglip2,Int8,original,5,1024,0.92,0.8955,1.0
1m,emb_siglip2,Int8,original,5,1152,0.94,0.9125,1.0
1m,emb_siglip2,Int8,original,6,128,0.495,0.4355,0.885
1m,emb_siglip2,Int8,original,6,256,0.685,0.657,0.99
1m,emb_siglip2,Int8,original,6,384,0.76,0.724,1.0
1m,emb_siglip2,Int8,original,6,512,0.795,0.776,1.0
1m,emb_siglip2,Int8,original,6,640,0.84,0.822,1.0
1m,emb_siglip2,Int8,original,6,768,0.87,0.849,1.0
1m,emb_siglip2,Int8,original,6,896,0.9,0.887,1.0
1m,emb_siglip2,Int8,original,6,1024,0.915,0.9045,1.0
1m,emb_siglip2,Int8,original,6,1152,0.935,0.9185,1.0
1m,emb_siglip2,Int8,original,7,128,0.455,0.4335,0.875
1m,emb_siglip2,Int8,original,7,256,0.7,0.659,0.99
1m,emb_siglip2,Int8,original,7,384,0.76,0.729,1.0
1m,emb_siglip2,Int8,original,7,512,0.8,0.778,1.0
1m,emb_siglip2,Int8,original,7,640,0.845,0.8215,1.0
1m,emb_siglip2,Int8,original,7,768,0.88,0.8525,1.0
1m,emb_siglip2,Int8,original,7,896,0.92,0.8845,1.0
1m,emb_siglip2,Int8,original,7,1024,0.915,0.906,1.0
1m,emb_siglip2,Int8,original,7,1152,0.93,0.9195,1.0
1m,emb_siglip2,Int8,original,8,128,0.465,0.4245,0.86
1m,emb_siglip2,Int8,original,8,256,0.69,0.657,0.99
1m,emb_siglip2,Int8,original,8,384,0.76,0.735,1.0
1m,emb_siglip2,Int8,original,8,512,0.8,0.7765,1.0
1m,emb_siglip2,Int8,original,8,640,0.85,0.826,1.0
1m,emb_siglip2,Int8,original,8,768,0.88,0.855,1.0
1m,emb_siglip2,Int8,original,8,896,0.915,0.888,1.0
1m,emb_siglip2,Int8,original,8,1024,0.915,0.909,1.0
1m,emb_siglip2,Int8,original,8,1152,0.93,0.9245,1.0
1m,emb_siglip2,Int8,rotated,1,128,0.305,0.25,0.61
1m,emb_siglip2,Int8,rotated,1,256,0.465,0.436,0.875
1m,emb_siglip2,Int8,rotated,1,384,0.59,0.529,0.93
1m,emb_siglip2,Int8,rotated,1,512,0.635,0.5955,0.96
1m,emb_siglip2,Int8,rotated,1,640,0.66,0.64,0.99
1m,emb_siglip2,Int8,rotated,1,768,0.705,0.672,0.99
1m,emb_siglip2,Int8,rotated,1,896,0.73,0.6955,0.99
1m,emb_siglip2,Int8,rotated,1,1024,0.72,0.7275,0.995
1m,emb_siglip2,Int8,rotated,1,1152,0.73,0.732,1.0
1m,emb_siglip2,Int8,rotated,1,1280,0.735,0.7405,1.0
1m,emb_siglip2,Int8,rotated,1,1408,0.74,0.7515,1.0
1m,emb_siglip2,Int8,rotated,1,1536,0.755,0.7575,1.0
1m,emb_siglip2,Int8,rotated,1,1664,0.78,0.7645,1.0
1m,emb_siglip2,Int8,rotated,1,1792,0.775,0.782,1.0
1m,emb_siglip2,Int8,rotated,1,1920,0.785,0.789,1.0
1m,emb_siglip2,Int8,rotated,1,2048,0.81,0.798,1.0
1m,emb_siglip2,Int8,rotated,2,128,0.46,0.426,0.83
1m,emb_siglip2,Int8,rotated,2,256,0.675,0.586,0.965
1m,emb_siglip2,Int8,rotated,2,384,0.73,0.6725,0.985
1m,emb_siglip2,Int8,rotated,2,512,0.775,0.739,0.99
1m,emb_siglip2,Int8,rotated,2,640,0.795,0.7665,1.0
1m,emb_siglip2,Int8,rotated,2,768,0.84,0.805,1.0
1m,emb_siglip2,Int8,rotated,2,896,0.83,0.8305,1.0
1m,emb_siglip2,Int8,rotated,2,1024,0.86,0.8445,1.0
1m,emb_siglip2,Int8,rotated,2,1152,0.835,0.847,1.0
1m,emb_siglip2,Int8,rotated,2,1280,0.85,0.854,1.0
1m,emb_siglip2,Int8,rotated,2,1408,0.855,0.862,1.0
1m,emb_siglip2,Int8,rotated,2,1536,0.87,0.8695,1.0
1m,emb_siglip2,Int8,rotated,2,1664,0.865,0.874,1.0
1m,emb_siglip2,Int8,rotated,2,1792,0.885,0.8765,1.0
1m,emb_siglip2,Int8,rotated,2,1920,0.895,0.8895,1.0
1m,emb_siglip2,Int8,rotated,2,2048,0.89,0.8905,1.0
1m,emb_siglip2,Int8,rotated,3,128,0.54,0.491,0.875
1m,emb_siglip2,Int8,rotated,3,256,0.67,0.6565,0.995
1m,emb_siglip2,Int8,rotated,3,384,0.77,0.7305,1.0
1m,emb_siglip2,Int8,rotated,3,512,0.795,0.784,1.0
1m,emb_siglip2,Int8,rotated,3,640,0.83,0.8225,1.0
1m,emb_siglip2,Int8,rotated,3,768,0.875,0.848,1.0
1m,emb_siglip2,Int8,rotated,3,896,0.87,0.863,1.0
1m,emb_siglip2,Int8,rotated,3,1024,0.88,0.891,1.0
1m,emb_siglip2,Int8,rotated,3,1152,0.895,0.8905,1.0
1m,emb_siglip2,Int8,rotated,3,1280,0.89,0.892,1.0
1m,emb_siglip2,Int8,rotated,3,1408,0.89,0.9015,1.0
1m,emb_siglip2,Int8,rotated,3,1536,0.9,0.9105,1.0
1m,emb_siglip2,Int8,rotated,3,1664,0.895,0.914,1.0
1m,emb_siglip2,Int8,rotated,3,1792,0.915,0.9245,1.0
1m,emb_siglip2,Int8,rotated,3,1920,0.92,0.9265,1.0
1m,emb_siglip2,Int8,rotated,3,2048,0.92,0.934,1.0
1m,emb_siglip2,Int8,rotated,4,128,0.585,0.503,0.905
1m,emb_siglip2,Int8,rotated,4,256,0.715,0.684,0.995
1m,emb_siglip2,Int8,rotated,4,384,0.77,0.7465,0.995
1m,emb_siglip2,Int8,rotated,4,512,0.82,0.804,1.0
1m,emb_siglip2,Int8,rotated,4,640,0.875,0.8415,1.0
1m,emb_siglip2,Int8,rotated,4,768,0.895,0.8655,1.0
1m,emb_siglip2,Int8,rotated,4,896,0.9,0.8895,1.0
1m,emb_siglip2,Int8,rotated,4,1024,0.92,0.9155,1.0
1m,emb_siglip2,Int8,rotated,4,1152,0.905,0.904,1.0
1m,emb_siglip2,Int8,rotated,4,1280,0.915,0.912,1.0
1m,emb_siglip2,Int8,rotated,4,1408,0.915,0.923,1.0
1m,emb_siglip2,Int8,rotated,4,1536,0.93,0.93,1.0
1m,emb_siglip2,Int8,rotated,4,1664,0.93,0.935,1.0
1m,emb_siglip2,Int8,rotated,4,1792,0.935,0.944,1.0
1m,emb_siglip2,Int8,rotated,4,1920,0.955,0.958,1.0
1m,emb_siglip2,Int8,rotated,4,2048,0.965,0.965,1.0
1m,emb_siglip2,Int8,rotated,5,128,0.6,0.5295,0.905
1m,emb_siglip2,Int8,rotated,5,256,0.74,0.686,1.0
1m,emb_siglip2,Int8,rotated,5,384,0.81,0.75,1.0
1m,emb_siglip2,Int8,rotated,5,512,0.855,0.8125,1.0
1m,emb_siglip2,Int8,rotated,5,640,0.885,0.856,1.0
1m,emb_siglip2,Int8,rotated,5,768,0.895,0.877,1.0
1m,emb_siglip2,Int8,rotated,5,896,0.905,0.893,1.0
1m,emb_siglip2,Int8,rotated,5,1024,0.9,0.9235,1.0
1m,emb_siglip2,Int8,rotated,5,1152,0.895,0.917,1.0
1m,emb_siglip2,Int8,rotated,5,1280,0.93,0.9205,1.0
1m,emb_siglip2,Int8,rotated,5,1408,0.93,0.928,1.0
1m,emb_siglip2,Int8,rotated,5,1536,0.93,0.936,1.0
1m,emb_siglip2,Int8,rotated,5,1664,0.94,0.9415,1.0
1m,emb_siglip2,Int8,rotated,5,1792,0.945,0.948,1.0
1m,emb_siglip2,Int8,rotated,5,1920,0.95,0.9615,1.0
1m,emb_siglip2,Int8,rotated,5,2048,0.965,0.979,1.0
1m,emb_siglip2,Int8,rotated,6,128,0.605,0.537,0.915
1m,emb_siglip2,Int8,rotated,6,256,0.75,0.694,1.0
1m,emb_siglip2,Int8,rotated,6,384,0.81,0.758,1.0
1m,emb_siglip2,Int8,rotated,6,512,0.85,0.812,1.0
1m,emb_siglip2,Int8,rotated,6,640,0.895,0.855,1.0
1m,emb_siglip2,Int8,rotated,6,768,0.91,0.8775,1.0
1m,emb_siglip2,Int8,rotated,6,896,0.9,0.8955,1.0
1m,emb_siglip2,Int8,rotated,6,1024,0.915,0.9275,1.0
1m,emb_siglip2,Int8,rotated,6,1152,0.905,0.9155,1.0
1m,emb_siglip2,Int8,rotated,6,1280,0.91,0.921,1.0
1m,emb_siglip2,Int8,rotated,6,1408,0.925,0.931,1.0
1m,emb_siglip2,Int8,rotated,6,1536,0.925,0.9335,1.0
1m,emb_siglip2,Int8,rotated,6,1664,0.935,0.943,1.0
1m,emb_siglip2,Int8,rotated,6,1792,0.945,0.9545,1.0
1m,emb_siglip2,Int8,rotated,6,1920,0.955,0.966,1.0
1m,emb_siglip2,Int8,rotated,6,2048,0.98,0.9875,1.0
1m,emb_siglip2,Int8,rotated,7,128,0.6,0.532,0.915
1m,emb_siglip2,Int8,rotated,7,256,0.765,0.6975,1.0
1m,emb_siglip2,Int8,rotated,7,384,0.8,0.7615,1.0
1m,emb_siglip2,Int8,rotated,7,512,0.835,0.8155,1.0
1m,emb_siglip2,Int8,rotated,7,640,0.88,0.8575,1.0
1m,emb_siglip2,Int8,rotated,7,768,0.91,0.879,1.0
1m,emb_siglip2,Int8,rotated,7,896,0.9,0.8945,1.0
1m,emb_siglip2,Int8,rotated,7,1024,0.925,0.927,1.0
1m,emb_siglip2,Int8,rotated,7,1152,0.91,0.917,1.0
1m,emb_siglip2,Int8,rotated,7,1280,0.915,0.9235,1.0
1m,emb_siglip2,Int8,rotated,7,1408,0.92,0.9315,1.0
1m,emb_siglip2,Int8,rotated,7,1536,0.93,0.9355,1.0
1m,emb_siglip2,Int8,rotated,7,1664,0.935,0.942,1.0
1m,emb_siglip2,Int8,rotated,7,1792,0.95,0.954,1.0
1m,emb_siglip2,Int8,rotated,7,1920,0.97,0.967,1.0
1m,emb_siglip2,Int8,rotated,7,2048,0.99,0.992,1.0
1m,emb_siglip2,Int8,rotated,8,128,0.615,0.533,0.915
1m,emb_siglip2,Int8,rotated,8,256,0.77,0.6945,1.0
1m,emb_siglip2,Int8,rotated,8,384,0.805,0.7615,1.0
1m,emb_siglip2,Int8,rotated,8,512,0.845,0.8175,1.0
1m,emb_siglip2,Int8,rotated,8,640,0.885,0.8555,1.0
1m,emb_siglip2,Int8,rotated,8,768,0.915,0.878,1.0
1m,emb_siglip2,Int8,rotated,8,896,0.91,0.8955,1.0
1m,emb_siglip2,Int8,rotated,8,1024,0.92,0.928,1.0
1m,emb_siglip2,Int8,rotated,8,1152,0.91,0.917,1.0
1m,emb_siglip2,Int8,rotated,8,1280,0.925,0.9265,1.0
1m,emb_siglip2,Int8,rotated,8,1408,0.93,0.9345,1.0
1m,emb_siglip2,Int8,rotated,8,1536,0.94,0.9375,1.0
1m,emb_siglip2,Int8,rotated,8,1664,0.94,0.9455,1.0
1m,emb_siglip2,Int8,rotated,8,1792,0.96,0.9545,1.0
1m,emb_siglip2,Int8,rotated,8,1920,0.975,0.967,1.0
1m,emb_siglip2,Int8,rotated,8,2048,0.99,0.997,1.0
10m,emb_clip,BFloat16,original,1,128,0.0,0.0,0.0
10m,emb_clip,BFloat16,original,1,256,0.0,0.0,0.0
10m,emb_clip,BFloat16,original,1,384,0.0,0.0,0.0
10m,emb_clip,BFloat16,original,1,512,0.0,0.0,0.0
10m,emb_clip,BFloat16,original,1,640,0.0,0.0,0.0
10m,emb_clip,BFloat16,original,1,768,0.0,0.0,0.0
10m,emb_clip,BFloat16,original,2,128,0.0,0.0,0.0
10m,emb_clip,BFloat16,original,2,256,0.0,0.0,0.0
10m,emb_clip,BFloat16,original,2,384,0.0,0.0,0.0
10m,emb_clip,BFloat16,original,2,512,0.0,0.0,0.0
10m,emb_clip,BFloat16,original,2,640,0.0,0.0,0.0
10m,emb_clip,BFloat16,original,2,768,0.0,0.0,0.0
10m,emb_clip,BFloat16,original,3,128,0.25,0.308,0.64
10m,emb_clip,BFloat16,original,3,256,0.4,0.4535,0.855
10m,emb_clip,BFloat16,original,3,384,0.495,0.5225,0.915
10m,emb_clip,BFloat16,original,3,512,0.55,0.5895,0.97
10m,emb_clip,BFloat16,original,3,640,0.59,0.6275,0.965
10m,emb_clip,BFloat16,original,3,768,0.6,0.655,0.975
10m,emb_clip,BFloat16,original,4,128,0.25,0.308,0.64
10m,emb_clip,BFloat16,original,4,256,0.4,0.4535,0.855
10m,emb_clip,BFloat16,original,4,384,0.495,0.5225,0.915
10m,emb_clip,BFloat16,original,4,512,0.55,0.5895,0.97
10m,emb_clip,BFloat16,original,4,640,0.59,0.6275,0.965
10m,emb_clip,BFloat16,original,4,768,0.6,0.655,0.975
10m,emb_clip,BFloat16,original,5,128,0.26,0.309,0.645
10m,emb_clip,BFloat16,original,5,256,0.41,0.454,0.85
10m,emb_clip,BFloat16,original,5,384,0.5,0.5245,0.915
10m,emb_clip,BFloat16,original,5,512,0.56,0.592,0.97
10m,emb_clip,BFloat16,original,5,640,0.59,0.6275,0.965
10m,emb_clip,BFloat16,original,5,768,0.605,0.654,0.975
10m,emb_clip,BFloat16,original,6,128,0.35,0.4025,0.775
10m,emb_clip,BFloat16,original,6,256,0.49,0.54,0.92
10m,emb_clip,BFloat16,original,6,384,0.59,0.592,0.94
10m,emb_clip,BFloat16,original,6,512,0.665,0.6545,0.97
10m,emb_clip,BFloat16,original,6,640,0.665,0.689,0.98
10m,emb_clip,BFloat16,original,6,768,0.71,0.716,0.98
10m,emb_clip,BFloat16,original,7,128,0.34,0.3885,0.77
10m,emb_clip,BFloat16,original,7,256,0.44,0.467,0.86
10m,emb_clip,BFloat16,original,7,384,0.52,0.561,0.93
10m,emb_clip,BFloat16,original,7,512,0.47,0.5365,0.79
10m,emb_clip,BFloat16,original,7,640,0.5,0.568,0.85
10m,emb_clip,BFloat16,original,7,768,0.42,0.5065,0.81
10m,emb_clip,BFloat16,original,8,128,0.405,0.409,0.82
10m,emb_clip,BFloat16,original,8,256,0.49,0.5155,0.89
10m,emb_clip,BFloat16,original,8,384,0.59,0.5915,0.95
10m,emb_clip,BFloat16,original,8,512,0.39,0.427,0.65
10m,emb_clip,BFloat16,original,8,640,0.445,0.506,0.76
10m,emb_clip,BFloat16,original,8,768,0.41,0.409,0.595
10m,emb_clip,BFloat16,original,9,128,0.475,0.4575,0.87
10m,emb_clip,BFloat16,original,9,256,0.615,0.579,0.95
10m,emb_clip,BFloat16,original,9,384,0.7,0.6575,0.97
10m,emb_clip,BFloat16,original,9,512,0.63,0.6635,0.955
10m,emb_clip,BFloat16,original,9,640,0.695,0.72,0.985
10m,emb_clip,BFloat16,original,9,768,0.705,0.7295,0.975
10m,emb_clip,BFloat16,original,10,128,0.485,0.4805,0.875
10m,emb_clip,BFloat16,original,10,256,0.59,0.601,0.96
10m,emb_clip,BFloat16,original,10,384,0.705,0.669,0.975
10m,emb_clip,BFloat16,original,10,512,0.765,0.775,1.0
10m,emb_clip,BFloat16,original,10,640,0.855,0.8405,1.0
10m,emb_clip,BFloat16,original,10,768,0.9,0.897,1.0
10m,emb_clip,BFloat16,original,11,128,0.475,0.4845,0.885
10m,emb_clip,BFloat16,original,11,256,0.595,0.6155,0.96
10m,emb_clip,BFloat16,original,11,384,0.7,0.678,0.97
10m,emb_clip,BFloat16,original,11,512,0.795,0.8085,1.0
10m,emb_clip,BFloat16,original,11,640,0.87,0.8675,1.0
10m,emb_clip,BFloat16,original,11,768,0.965,0.947,1.0
10m,emb_clip,BFloat16,original,12,128,0.5,0.4905,0.885
10m,emb_clip,BFloat16,original,12,256,0.605,0.6175,0.96
10m,emb_clip,BFloat16,original,12,384,0.705,0.6815,0.975
10m,emb_clip,BFloat16,original,12,512,0.81,0.8255,1.0
10m,emb_clip,BFloat16,original,12,640,0.88,0.8765,1.0
10m,emb_clip,BFloat16,original,12,768,0.95,0.9615,1.0
10m,emb_clip,BFloat16,original,13,128,0.5,0.489,0.885
10m,emb_clip,BFloat16,original,13,256,0.615,0.62,0.96
10m,emb_clip,BFloat16,original,13,384,0.71,0.6785,0.97
10m,emb_clip,BFloat16,original,13,512,0.81,0.826,1.0
10m,emb_clip,BFloat16,original,13,640,0.885,0.88,1.0
10m,emb_clip,BFloat16,original,13,768,0.975,0.9755,1.0
10m,emb_clip,BFloat16,original,14,128,0.5,0.4895,0.895
10m,emb_clip,BFloat16,original,14,256,0.62,0.6195,0.96
10m,emb_clip,BFloat16,original,14,384,0.715,0.6785,0.97
10m,emb_clip,BFloat16,original,14,512,0.815,0.8295,1.0
10m,emb_clip,BFloat16,original,14,640,0.89,0.881,1.0
10m,emb_clip,BFloat16,original,14,768,0.985,0.988,1.0
10m,emb_clip,BFloat16,original,15,128,0.505,0.491,0.895
10m,emb_clip,BFloat16,original,15,256,0.625,0.6195,0.96
10m,emb_clip,BFloat16,original,15,384,0.715,0.68,0.97
10m,emb_clip,BFloat16,original,15,512,0.81,0.8285,1.0
10m,emb_clip,BFloat16,original,15,640,0.89,0.881,1.0
10m,emb_clip,BFloat16,original,15,768,0.99,0.9925,1.0
10m,emb_clip,BFloat16,original,16,128,0.51,0.4915,0.895
10m,emb_clip,BFloat16,original,16,256,0.62,0.6195,0.96
10m,emb_clip,BFloat16,original,16,384,0.725,0.679,0.975
10m,emb_clip,BFloat16,original,16,512,0.81,0.83,1.0
10m,emb_clip,BFloat16,original,16,640,0.895,0.881,1.0
10m,emb_clip,BFloat16,original,16,768,1.0,0.9995,1.0
10m,emb_clip,BFloat16,rotated,1,128,0.0,0.0,0.0
10m,emb_clip,BFloat16,rotated,1,256,0.0,0.0,0.0
10m,emb_clip,BFloat16,rotated,1,384,0.0,0.0,0.0
10m,emb_clip,BFloat16,rotated,1,512,0.0,0.0,0.0
10m,emb_clip,BFloat16,rotated,1,640,0.0,0.0,0.0
10m,emb_clip,BFloat16,rotated,1,768,0.0,0.0,0.0
10m,emb_clip,BFloat16,rotated,2,128,0.0,0.0,0.0
10m,emb_clip,BFloat16,rotated,2,256,0.0,0.0,0.0
10m,emb_clip,BFloat16,rotated,2,384,0.0,0.0,0.0
10m,emb_clip,BFloat16,rotated,2,512,0.0,0.0,0.0
10m,emb_clip,BFloat16,rotated,2,640,0.0,0.0,0.0
10m,emb_clip,BFloat16,rotated,2,768,0.0,0.0,0.0
10m,emb_clip,BFloat16,rotated,3,128,0.17,0.212,0.46
10m,emb_clip,BFloat16,rotated,3,256,0.34,0.3875,0.735
10m,emb_clip,BFloat16,rotated,3,384,0.475,0.4915,0.855
10m,emb_clip,BFloat16,rotated,3,512,0.55,0.547,0.925
10m,emb_clip,BFloat16,rotated,3,640,0.555,0.595,0.945
10m,emb_clip,BFloat16,rotated,3,768,0.59,0.6315,0.97
10m,emb_clip,BFloat16,rotated,4,128,0.17,0.212,0.46
10m,emb_clip,BFloat16,rotated,4,256,0.34,0.3875,0.735
10m,emb_clip,BFloat16,rotated,4,384,0.475,0.4915,0.855
10m,emb_clip,BFloat16,rotated,4,512,0.55,0.547,0.925
10m,emb_clip,BFloat16,rotated,4,640,0.555,0.595,0.945
10m,emb_clip,BFloat16,rotated,4,768,0.59,0.6315,0.97
10m,emb_clip,BFloat16,rotated,5,128,0.18,0.2115,0.46
10m,emb_clip,BFloat16,rotated,5,256,0.335,0.3875,0.735
10m,emb_clip,BFloat16,rotated,5,384,0.47,0.4905,0.86
10m,emb_clip,BFloat16,rotated,5,512,0.55,0.5445,0.915
10m,emb_clip,BFloat16,rotated,5,640,0.55,0.5925,0.94
10m,emb_clip,BFloat16,rotated,5,768,0.6,0.6325,0.97
10m,emb_clip,BFloat16,rotated,6,128,0.265,0.321,0.625
10m,emb_clip,BFloat16,rotated,6,256,0.425,0.483,0.825
10m,emb_clip,BFloat16,rotated,6,384,0.525,0.563,0.945
10m,emb_clip,BFloat16,rotated,6,512,0.58,0.628,0.96
10m,emb_clip,BFloat16,rotated,6,640,0.645,0.6865,0.985
10m,emb_clip,BFloat16,rotated,6,768,0.665,0.7115,0.995
10m,emb_clip,BFloat16,rotated,7,128,0.275,0.3195,0.62
10m,emb_clip,BFloat16,rotated,7,256,0.4,0.474,0.8
10m,emb_clip,BFloat16,rotated,7,384,0.525,0.5485,0.91
10m,emb_clip,BFloat16,rotated,7,512,0.55,0.5975,0.905
10m,emb_clip,BFloat16,rotated,7,640,0.595,0.65,0.92
10m,emb_clip,BFloat16,rotated,7,768,0.61,0.672,0.92
10m,emb_clip,BFloat16,rotated,8,128,0.34,0.395,0.735
10m,emb_clip,BFloat16,rotated,8,256,0.565,0.5755,0.94
10m,emb_clip,BFloat16,rotated,8,384,0.63,0.6675,0.995
10m,emb_clip,BFloat16,rotated,8,512,0.69,0.72,0.995
10m,emb_clip,BFloat16,rotated,8,640,0.755,0.766,1.0
10m,emb_clip,BFloat16,rotated,8,768,0.775,0.8035,1.0
10m,emb_clip,BFloat16,rotated,9,128,0.445,0.4815,0.865
10m,emb_clip,BFloat16,rotated,9,256,0.61,0.6525,0.98
10m,emb_clip,BFloat16,rotated,9,384,0.7,0.7305,0.995
10m,emb_clip,BFloat16,rotated,9,512,0.78,0.7865,1.0
10m,emb_clip,BFloat16,rotated,9,640,0.835,0.8385,1.0
10m,emb_clip,BFloat16,rotated,9,768,0.855,0.8765,1.0
10m,emb_clip,BFloat16,rotated,10,128,0.48,0.5195,0.87
10m,emb_clip,BFloat16,rotated,10,256,0.675,0.6885,0.985
10m,emb_clip,BFloat16,rotated,10,384,0.745,0.7705,1.0
10m,emb_clip,BFloat16,rotated,10,512,0.845,0.816,1.0
10m,emb_clip,BFloat16,rotated,10,640,0.905,0.873,1.0
10m,emb_clip,BFloat16,rotated,10,768,0.92,0.9345,1.0
10m,emb_clip,BFloat16,rotated,11,128,0.5,0.5305,0.895
10m,emb_clip,BFloat16,rotated,11,256,0.69,0.7015,0.985
10m,emb_clip,BFloat16,rotated,11,384,0.77,0.7745,1.0
10m,emb_clip,BFloat16,rotated,11,512,0.86,0.8385,1.0
10m,emb_clip,BFloat16,rotated,11,640,0.905,0.892,1.0
10m,emb_clip,BFloat16,rotated,11,768,0.94,0.9635,1.0
10m,emb_clip,BFloat16,rotated,12,128,0.505,0.5345,0.88
10m,emb_clip,BFloat16,rotated,12,256,0.68,0.6995,0.99
10m,emb_clip,BFloat16,rotated,12,384,0.77,0.7805,1.0
10m,emb_clip,BFloat16,rotated,12,512,0.865,0.838,1.0
10m,emb_clip,BFloat16,rotated,12,640,0.93,0.8875,1.0
10m,emb_clip,BFloat16,rotated,12,768,0.97,0.978,1.0
10m,emb_clip,BFloat16,rotated,13,128,0.51,0.535,0.895
10m,emb_clip,BFloat16,rotated,13,256,0.675,0.702,0.995
10m,emb_clip,BFloat16,rotated,13,384,0.77,0.78,1.0
10m,emb_clip,BFloat16,rotated,13,512,0.875,0.834,1.0
10m,emb_clip,BFloat16,rotated,13,640,0.925,0.889,1.0
10m,emb_clip,BFloat16,rotated,13,768,0.99,0.989,1.0
10m,emb_clip,BFloat16,rotated,14,128,0.515,0.534,0.895
10m,emb_clip,BFloat16,rotated,14,256,0.675,0.7015,0.995
10m,emb_clip,BFloat16,rotated,14,384,0.76,0.7815,1.0
10m,emb_clip,BFloat16,rotated,14,512,0.87,0.8355,1.0
10m,emb_clip,BFloat16,rotated,14,640,0.93,0.8915,1.0
10m,emb_clip,BFloat16,rotated,14,768,0.995,0.993,1.0
10m,emb_clip,BFloat16,rotated,15,128,0.515,0.533,0.895
10m,emb_clip,BFloat16,rotated,15,256,0.68,0.7025,0.995
10m,emb_clip,BFloat16,rotated,15,384,0.76,0.783,1.0
10m,emb_clip,BFloat16,rotated,15,512,0.87,0.836,1.0
10m,emb_clip,BFloat16,rotated,15,640,0.93,0.8925,1.0
10m,emb_clip,BFloat16,rotated,15,768,0.995,0.9965,1.0
10m,emb_clip,BFloat16,rotated,16,128,0.515,0.5345,0.895
10m,emb_clip,BFloat16,rotated,16,256,0.685,0.703,0.995
10m,emb_clip,BFloat16,rotated,16,384,0.75,0.783,1.0
10m,emb_clip,BFloat16,rotated,16,512,0.875,0.8355,1.0
10m,emb_clip,BFloat16,rotated,16,640,0.93,0.8915,1.0
10m,emb_clip,BFloat16,rotated,16,768,1.0,0.9955,1.0
10m,emb_clip,Int8,original,1,128,0.25,0.3085,0.64
10m,emb_clip,Int8,original,1,256,0.4,0.453,0.85
10m,emb_clip,Int8,original,1,384,0.49,0.5225,0.915
10m,emb_clip,Int8,original,1,512,0.55,0.59,0.97
10m,emb_clip,Int8,original,1,640,0.59,0.6275,0.965
10m,emb_clip,Int8,original,1,768,0.605,0.6545,0.975
10m,emb_clip,Int8,original,2,128,0.41,0.417,0.835
10m,emb_clip,Int8,original,2,256,0.54,0.57,0.95
10m,emb_clip,Int8,original,2,384,0.65,0.622,0.96
10m,emb_clip,Int8,original,2,512,0.685,0.704,0.995
10m,emb_clip,Int8,original,2,640,0.73,0.737,0.995
10m,emb_clip,Int8,original,2,768,0.77,0.7845,1.0
10m,emb_clip,Int8,original,3,128,0.425,0.462,0.87
10m,emb_clip,Int8,original,3,256,0.595,0.6045,0.955
10m,emb_clip,Int8,original,3,384,0.675,0.662,0.97
10m,emb_clip,Int8,original,3,512,0.73,0.762,1.0
10m,emb_clip,Int8,original,3,640,0.78,0.8005,1.0
10m,emb_clip,Int8,original,3,768,0.81,0.85,1.0
10m,emb_clip,Int8,original,4,128,0.5,0.48,0.88
10m,emb_clip,Int8,original,4,256,0.615,0.614,0.955
10m,emb_clip,Int8,original,4,384,0.705,0.6805,0.975
10m,emb_clip,Int8,original,4,512,0.775,0.7855,1.0
10m,emb_clip,Int8,original,4,640,0.83,0.83,1.0
10m,emb_clip,Int8,original,4,768,0.9,0.8895,1.0
10m,emb_clip,Int8,original,5,128,0.49,0.489,0.89
10m,emb_clip,Int8,original,5,256,0.62,0.6245,0.95
10m,emb_clip,Int8,original,5,384,0.705,0.678,0.965
10m,emb_clip,Int8,original,5,512,0.795,0.7965,1.0
10m,emb_clip,Int8,original,5,640,0.86,0.846,1.0
10m,emb_clip,Int8,original,5,768,0.945,0.9175,1.0
10m,emb_clip,Int8,original,6,128,0.5,0.4905,0.89
10m,emb_clip,Int8,original,6,256,0.62,0.6225,0.955
10m,emb_clip,Int8,original,6,384,0.725,0.6835,0.97
10m,emb_clip,Int8,original,6,512,0.79,0.808,1.0
10m,emb_clip,Int8,original,6,640,0.85,0.852,1.0
10m,emb_clip,Int8,original,6,768,0.96,0.932,1.0
10m,emb_clip,Int8,original,7,128,0.49,0.4905,0.89
10m,emb_clip,Int8,original,7,256,0.63,0.6205,0.955
10m,emb_clip,Int8,original,7,384,0.725,0.679,0.975
10m,emb_clip,Int8,original,7,512,0.805,0.812,1.0
10m,emb_clip,Int8,original,7,640,0.87,0.855,1.0
10m,emb_clip,Int8,original,7,768,0.97,0.9405,1.0
10m,emb_clip,Int8,original,8,128,0.51,0.4885,0.895
10m,emb_clip,Int8,original,8,256,0.635,0.621,0.955
10m,emb_clip,Int8,original,8,384,0.72,0.6825,0.97
10m,emb_clip,Int8,original,8,512,0.795,0.8125,1.0
10m,emb_clip,Int8,original,8,640,0.855,0.8595,1.0
10m,emb_clip,Int8,original,8,768,0.97,0.946,1.0
10m,emb_clip,Int8,rotated,1,128,0.17,0.212,0.46
10m,emb_clip,Int8,rotated,1,256,0.34,0.3855,0.735
10m,emb_clip,Int8,rotated,1,384,0.475,0.4915,0.855
10m,emb_clip,Int8,rotated,1,512,0.55,0.5455,0.925
10m,emb_clip,Int8,rotated,1,640,0.555,0.593,0.945
10m,emb_clip,Int8,rotated,1,768,0.59,0.631,0.97
10m,emb_clip,Int8,rotated,2,128,0.325,0.3895,0.715
10m,emb_clip,Int8,rotated,2,256,0.515,0.572,0.93
10m,emb_clip,Int8,rotated,2,384,0.605,0.6585,0.985
10m,emb_clip,Int8,rotated,2,512,0.72,0.714,0.99
10m,emb_clip,Int8,rotated,2,640,0.75,0.75,0.995
10m,emb_clip,Int8,rotated,2,768,0.77,0.7885,1.0
10m,emb_clip,Int8,rotated,3,128,0.425,0.483,0.845
10m,emb_clip,Int8,rotated,3,256,0.64,0.638,0.97
10m,emb_clip,Int8,rotated,3,384,0.695,0.7295,1.0
10m,emb_clip,Int8,rotated,3,512,0.785,0.7835,1.0
10m,emb_clip,Int8,rotated,3,640,0.83,0.821,1.0
10m,emb_clip,Int8,rotated,3,768,0.87,0.871,1.0
10m,emb_clip,Int8,rotated,4,128,0.475,0.504,0.875
10m,emb_clip,Int8,rotated,4,256,0.65,0.673,0.995
10m,emb_clip,Int8,rotated,4,384,0.745,0.753,1.0
10m,emb_clip,Int8,rotated,4,512,0.84,0.81,1.0
10m,emb_clip,Int8,rotated,4,640,0.895,0.865,1.0
10m,emb_clip,Int8,rotated,4,768,0.905,0.9125,1.0
10m,emb_clip,Int8,rotated,5,128,0.5,0.5275,0.895
10m,emb_clip,Int8,rotated,5,256,0.65,0.688,0.99
10m,emb_clip,Int8,rotated,5,384,0.77,0.774,1.0
10m,emb_clip,Int8,rotated,5,512,0.87,0.8255,1.0
10m,emb_clip,Int8,rotated,5,640,0.92,0.8765,1.0
10m,emb_clip,Int8,rotated,5,768,0.955,0.9485,1.0
10m,emb_clip,Int8,rotated,6,128,0.495,0.539,0.89
10m,emb_clip,Int8,rotated,6,256,0.665,0.701,0.985
10m,emb_clip,Int8,rotated,6,384,0.77,0.783,1.0
10m,emb_clip,Int8,rotated,6,512,0.86,0.8345,1.0
10m,emb_clip,Int8,rotated,6,640,0.935,0.886,1.0
10m,emb_clip,Int8,rotated,6,768,0.98,0.968,1.0
10m,emb_clip,Int8,rotated,7,128,0.51,0.536,0.89
10m,emb_clip,Int8,rotated,7,256,0.675,0.702,0.995
10m,emb_clip,Int8,rotated,7,384,0.765,0.7825,1.0
10m,emb_clip,Int8,rotated,7,512,0.87,0.8345,1.0
10m,emb_clip,Int8,rotated,7,640,0.925,0.8915,1.0
10m,emb_clip,Int8,rotated,7,768,0.985,0.9815,1.0
10m,emb_clip,Int8,rotated,8,128,0.52,0.536,0.89
10m,emb_clip,Int8,rotated,8,256,0.68,0.6995,0.995
10m,emb_clip,Int8,rotated,8,384,0.76,0.782,1.0
10m,emb_clip,Int8,rotated,8,512,0.88,0.8335,1.0
10m,emb_clip,Int8,rotated,8,640,0.93,0.894,1.0
10m,emb_clip,Int8,rotated,8,768,0.985,0.9895,1.0
10m,emb_nomic,BFloat16,original,1,128,0.0,0.0,0.0
10m,emb_nomic,BFloat16,original,1,256,0.0,0.0,0.0
10m,emb_nomic,BFloat16,original,1,384,0.0,0.0,0.0
10m,emb_nomic,BFloat16,original,1,512,0.0,0.0,0.0
10m,emb_nomic,BFloat16,original,1,640,0.0,0.0,0.0
10m,emb_nomic,BFloat16,original,1,768,0.0,0.0,0.0
10m,emb_nomic,BFloat16,original,2,128,0.0,0.0,0.0
10m,emb_nomic,BFloat16,original,2,256,0.0,0.0,0.0
10m,emb_nomic,BFloat16,original,2,384,0.0,0.0,0.0
10m,emb_nomic,BFloat16,original,2,512,0.0,0.0,0.0
10m,emb_nomic,BFloat16,original,2,640,0.0,0.0,0.0
10m,emb_nomic,BFloat16,original,2,768,0.0,0.0,0.0
10m,emb_nomic,BFloat16,original,3,128,0.05,0.1205,0.255
10m,emb_nomic,BFloat16,original,3,256,0.26,0.3075,0.56
10m,emb_nomic,BFloat16,original,3,384,0.35,0.3975,0.765
10m,emb_nomic,BFloat16,original,3,512,0.41,0.469,0.85
10m,emb_nomic,BFloat16,original,3,640,0.45,0.5145,0.905
10m,emb_nomic,BFloat16,original,3,768,0.465,0.54,0.905
10m,emb_nomic,BFloat16,original,4,128,0.05,0.1205,0.255
10m,emb_nomic,BFloat16,original,4,256,0.26,0.3075,0.56
10m,emb_nomic,BFloat16,original,4,384,0.35,0.3975,0.765
10m,emb_nomic,BFloat16,original,4,512,0.41,0.469,0.85
10m,emb_nomic,BFloat16,original,4,640,0.45,0.5145,0.905
10m,emb_nomic,BFloat16,original,4,768,0.465,0.54,0.905
10m,emb_nomic,BFloat16,original,5,128,0.05,0.1205,0.255
10m,emb_nomic,BFloat16,original,5,256,0.26,0.3055,0.56
10m,emb_nomic,BFloat16,original,5,384,0.35,0.397,0.76
10m,emb_nomic,BFloat16,original,5,512,0.415,0.468,0.85
10m,emb_nomic,BFloat16,original,5,640,0.455,0.5155,0.905
10m,emb_nomic,BFloat16,original,5,768,0.475,0.5405,0.91
10m,emb_nomic,BFloat16,original,6,128,0.185,0.243,0.515
10m,emb_nomic,BFloat16,original,6,256,0.375,0.428,0.755
10m,emb_nomic,BFloat16,original,6,384,0.455,0.4975,0.87
10m,emb_nomic,BFloat16,original,6,512,0.5,0.5665,0.915
10m,emb_nomic,BFloat16,original,6,640,0.515,0.611,0.935
10m,emb_nomic,BFloat16,original,6,768,0.565,0.6425,0.955
10m,emb_nomic,BFloat16,original,7,128,0.185,0.251,0.515
10m,emb_nomic,BFloat16,original,7,256,0.365,0.432,0.76
10m,emb_nomic,BFloat16,original,7,384,0.45,0.4975,0.87
10m,emb_nomic,BFloat16,original,7,512,0.5,0.5675,0.915
10m,emb_nomic,BFloat16,original,7,640,0.525,0.613,0.94
10m,emb_nomic,BFloat16,original,7,768,0.575,0.643,0.955
10m,emb_nomic,BFloat16,original,8,128,0.335,0.456,0.765
10m,emb_nomic,BFloat16,original,8,256,0.505,0.598,0.935
10m,emb_nomic,BFloat16,original,8,384,0.61,0.6625,0.97
10m,emb_nomic,BFloat16,original,8,512,0.65,0.725,0.985
10m,emb_nomic,BFloat16,original,8,640,0.69,0.7545,0.995
10m,emb_nomic,BFloat16,original,8,768,0.72,0.7875,1.0
10m,emb_nomic,BFloat16,original,9,128,0.44,0.5195,0.87
10m,emb_nomic,BFloat16,original,9,256,0.585,0.658,0.975
10m,emb_nomic,BFloat16,original,9,384,0.705,0.7355,0.985
10m,emb_nomic,BFloat16,original,9,512,0.725,0.787,1.0
10m,emb_nomic,BFloat16,original,9,640,0.78,0.8255,1.0
10m,emb_nomic,BFloat16,original,9,768,0.795,0.8575,1.0
10m,emb_nomic,BFloat16,original,10,128,0.525,0.5995,0.935
10m,emb_nomic,BFloat16,original,10,256,0.68,0.726,0.985
10m,emb_nomic,BFloat16,original,10,384,0.755,0.7895,0.995
10m,emb_nomic,BFloat16,original,10,512,0.84,0.843,1.0
10m,emb_nomic,BFloat16,original,10,640,0.855,0.875,1.0
10m,emb_nomic,BFloat16,original,10,768,0.915,0.9195,1.0
10m,emb_nomic,BFloat16,original,11,128,0.61,0.626,0.96
10m,emb_nomic,BFloat16,original,11,256,0.7,0.751,0.985
10m,emb_nomic,BFloat16,original,11,384,0.785,0.811,0.995
10m,emb_nomic,BFloat16,original,11,512,0.815,0.8675,1.0
10m,emb_nomic,BFloat16,original,11,640,0.875,0.9065,1.0
10m,emb_nomic,BFloat16,original,11,768,0.955,0.956,1.0
10m,emb_nomic,BFloat16,original,12,128,0.615,0.6305,0.96
10m,emb_nomic,BFloat16,original,12,256,0.69,0.758,0.99
10m,emb_nomic,BFloat16,original,12,384,0.805,0.815,0.99
10m,emb_nomic,BFloat16,original,12,512,0.845,0.8715,1.0
10m,emb_nomic,BFloat16,original,12,640,0.9,0.9135,1.0
10m,emb_nomic,BFloat16,original,12,768,0.985,0.9745,1.0
10m,emb_nomic,BFloat16,original,13,128,0.615,0.631,0.955
10m,emb_nomic,BFloat16,original,13,256,0.695,0.759,0.99
10m,emb_nomic,BFloat16,original,13,384,0.82,0.819,0.995
10m,emb_nomic,BFloat16,original,13,512,0.845,0.874,1.0
10m,emb_nomic,BFloat16,original,13,640,0.895,0.9145,1.0
10m,emb_nomic,BFloat16,original,13,768,1.0,0.987,1.0
10m,emb_nomic,BFloat16,original,14,128,0.605,0.6345,0.955
10m,emb_nomic,BFloat16,original,14,256,0.695,0.7585,0.99
10m,emb_nomic,BFloat16,original,14,384,0.81,0.818,0.995
10m,emb_nomic,BFloat16,original,14,512,0.855,0.8755,1.0
10m,emb_nomic,BFloat16,original,14,640,0.895,0.914,1.0
10m,emb_nomic,BFloat16,original,14,768,0.995,0.993,1.0
10m,emb_nomic,BFloat16,original,15,128,0.6,0.635,0.96
10m,emb_nomic,BFloat16,original,15,256,0.695,0.7605,0.99
10m,emb_nomic,BFloat16,original,15,384,0.815,0.8175,0.995
10m,emb_nomic,BFloat16,original,15,512,0.85,0.8745,1.0
10m,emb_nomic,BFloat16,original,15,640,0.895,0.9145,1.0
10m,emb_nomic,BFloat16,original,15,768,1.0,0.995,1.0
10m,emb_nomic,BFloat16,original,16,128,0.595,0.6345,0.96
10m,emb_nomic,BFloat16,original,16,256,0.69,0.7595,0.99
10m,emb_nomic,BFloat16,original,16,384,0.82,0.817,0.995
10m,emb_nomic,BFloat16,original,16,512,0.845,0.8745,1.0
10m,emb_nomic,BFloat16,original,16,640,0.895,0.9155,1.0
10m,emb_nomic,BFloat16,original,16,768,1.0,0.998,1.0
10m,emb_nomic,BFloat16,rotated,1,128,0.0,0.0,0.0
10m,emb_nomic,BFloat16,rotated,1,256,0.0,0.0,0.0
10m,emb_nomic,BFloat16,rotated,1,384,0.0,0.0,0.0
10m,emb_nomic,BFloat16,rotated,1,512,0.0,0.0,0.0
10m,emb_nomic,BFloat16,rotated,1,640,0.0,0.0,0.0
10m,emb_nomic,BFloat16,rotated,1,768,0.0,0.0,0.0
10m,emb_nomic,BFloat16,rotated,2,128,0.0,0.0,0.0
10m,emb_nomic,BFloat16,rotated,2,256,0.0,0.0,0.0
10m,emb_nomic,BFloat16,rotated,2,384,0.0,0.0,0.0
10m,emb_nomic,BFloat16,rotated,2,512,0.0,0.0,0.0
10m,emb_nomic,BFloat16,rotated,2,640,0.0,0.0,0.0
10m,emb_nomic,BFloat16,rotated,2,768,0.0,0.0,0.0
10m,emb_nomic,BFloat16,rotated,3,128,0.11,0.1905,0.38
10m,emb_nomic,BFloat16,rotated,3,256,0.23,0.3455,0.655
10m,emb_nomic,BFloat16,rotated,3,384,0.335,0.443,0.77
10m,emb_nomic,BFloat16,rotated,3,512,0.42,0.5145,0.87
10m,emb_nomic,BFloat16,rotated,3,640,0.5,0.5785,0.91
10m,emb_nomic,BFloat16,rotated,3,768,0.565,0.623,0.945
10m,emb_nomic,BFloat16,rotated,4,128,0.11,0.1905,0.38
10m,emb_nomic,BFloat16,rotated,4,256,0.23,0.3455,0.655
10m,emb_nomic,BFloat16,rotated,4,384,0.335,0.443,0.77
10m,emb_nomic,BFloat16,rotated,4,512,0.42,0.5145,0.87
10m,emb_nomic,BFloat16,rotated,4,640,0.5,0.5785,0.91
10m,emb_nomic,BFloat16,rotated,4,768,0.565,0.623,0.945
10m,emb_nomic,BFloat16,rotated,5,128,0.105,0.1925,0.38
10m,emb_nomic,BFloat16,rotated,5,256,0.225,0.3455,0.66
10m,emb_nomic,BFloat16,rotated,5,384,0.34,0.447,0.775
10m,emb_nomic,BFloat16,rotated,5,512,0.425,0.52,0.875
10m,emb_nomic,BFloat16,rotated,5,640,0.495,0.5765,0.915
10m,emb_nomic,BFloat16,rotated,5,768,0.565,0.619,0.945
10m,emb_nomic,BFloat16,rotated,6,128,0.175,0.281,0.495
10m,emb_nomic,BFloat16,rotated,6,256,0.345,0.4495,0.81
10m,emb_nomic,BFloat16,rotated,6,384,0.465,0.5455,0.915
10m,emb_nomic,BFloat16,rotated,6,512,0.505,0.6045,0.955
10m,emb_nomic,BFloat16,rotated,6,640,0.575,0.6535,0.975
10m,emb_nomic,BFloat16,rotated,6,768,0.6,0.6895,0.99
10m,emb_nomic,BFloat16,rotated,7,128,0.185,0.284,0.5
10m,emb_nomic,BFloat16,rotated,7,256,0.29,0.3695,0.6
10m,emb_nomic,BFloat16,rotated,7,384,0.315,0.4005,0.57
10m,emb_nomic,BFloat16,rotated,7,512,0.355,0.4325,0.565
10m,emb_nomic,BFloat16,rotated,7,640,0.38,0.4445,0.54
10m,emb_nomic,BFloat16,rotated,7,768,0.405,0.4485,0.545
10m,emb_nomic,BFloat16,rotated,8,128,0.365,0.457,0.785
10m,emb_nomic,BFloat16,rotated,8,256,0.48,0.591,0.905
10m,emb_nomic,BFloat16,rotated,8,384,0.615,0.66,0.945
10m,emb_nomic,BFloat16,rotated,8,512,0.625,0.7185,0.985
10m,emb_nomic,BFloat16,rotated,8,640,0.685,0.7605,0.99
10m,emb_nomic,BFloat16,rotated,8,768,0.72,0.7895,1.0
10m,emb_nomic,BFloat16,rotated,9,128,0.45,0.525,0.86
10m,emb_nomic,BFloat16,rotated,9,256,0.575,0.6585,0.955
10m,emb_nomic,BFloat16,rotated,9,384,0.665,0.7245,0.975
10m,emb_nomic,BFloat16,rotated,9,512,0.705,0.778,1.0
10m,emb_nomic,BFloat16,rotated,9,640,0.755,0.822,1.0
10m,emb_nomic,BFloat16,rotated,9,768,0.8,0.858,1.0
10m,emb_nomic,BFloat16,rotated,10,128,0.535,0.599,0.925
10m,emb_nomic,BFloat16,rotated,10,256,0.65,0.7175,0.995
10m,emb_nomic,BFloat16,rotated,10,384,0.755,0.791,1.0
10m,emb_nomic,BFloat16,rotated,10,512,0.81,0.8495,1.0
10m,emb_nomic,BFloat16,rotated,10,640,0.84,0.878,1.0
10m,emb_nomic,BFloat16,rotated,10,768,0.9,0.909,1.0
10m,emb_nomic,BFloat16,rotated,11,128,0.58,0.6315,0.935
10m,emb_nomic,BFloat16,rotated,11,256,0.7,0.746,0.995
10m,emb_nomic,BFloat16,rotated,11,384,0.79,0.813,1.0
10m,emb_nomic,BFloat16,rotated,11,512,0.845,0.868,1.0
10m,emb_nomic,BFloat16,rotated,11,640,0.885,0.903,1.0
10m,emb_nomic,BFloat16,rotated,11,768,0.955,0.951,1.0
10m,emb_nomic,BFloat16,rotated,12,128,0.585,0.632,0.94
10m,emb_nomic,BFloat16,rotated,12,256,0.715,0.745,0.995
10m,emb_nomic,BFloat16,rotated,12,384,0.825,0.8165,1.0
10m,emb_nomic,BFloat16,rotated,12,512,0.855,0.873,1.0
10m,emb_nomic,BFloat16,rotated,12,640,0.895,0.9175,1.0
10m,emb_nomic,BFloat16,rotated,12,768,0.975,0.9765,1.0
10m,emb_nomic,BFloat16,rotated,13,128,0.57,0.636,0.94
10m,emb_nomic,BFloat16,rotated,13,256,0.72,0.751,1.0
10m,emb_nomic,BFloat16,rotated,13,384,0.82,0.8215,1.0
10m,emb_nomic,BFloat16,rotated,13,512,0.86,0.88,1.0
10m,emb_nomic,BFloat16,rotated,13,640,0.9,0.919,1.0
10m,emb_nomic,BFloat16,rotated,13,768,0.985,0.9875,1.0
10m,emb_nomic,BFloat16,rotated,14,128,0.575,0.637,0.94
10m,emb_nomic,BFloat16,rotated,14,256,0.735,0.7535,1.0
10m,emb_nomic,BFloat16,rotated,14,384,0.825,0.823,1.0
10m,emb_nomic,BFloat16,rotated,14,512,0.86,0.8785,1.0
10m,emb_nomic,BFloat16,rotated,14,640,0.9,0.9215,1.0
10m,emb_nomic,BFloat16,rotated,14,768,1.0,0.99,1.0
10m,emb_nomic,BFloat16,rotated,15,128,0.575,0.6345,0.94
10m,emb_nomic,BFloat16,rotated,15,256,0.74,0.752,1.0
10m,emb_nomic,BFloat16,rotated,15,384,0.83,0.823,1.0
10m,emb_nomic,BFloat16,rotated,15,512,0.86,0.8795,1.0
10m,emb_nomic,BFloat16,rotated,15,640,0.9,0.9225,1.0
10m,emb_nomic,BFloat16,rotated,15,768,1.0,0.9945,1.0
10m,emb_nomic,BFloat16,rotated,16,128,0.575,0.6335,0.94
10m,emb_nomic,BFloat16,rotated,16,256,0.74,0.752,1.0
10m,emb_nomic,BFloat16,rotated,16,384,0.83,0.8225,1.0
10m,emb_nomic,BFloat16,rotated,16,512,0.86,0.88,1.0
10m,emb_nomic,BFloat16,rotated,16,640,0.9,0.9225,1.0
10m,emb_nomic,BFloat16,rotated,16,768,1.0,0.9965,1.0
10m,emb_nomic,Int8,original,1,128,0.055,0.117,0.25
10m,emb_nomic,Int8,original,1,256,0.26,0.303,0.565
10m,emb_nomic,Int8,original,1,384,0.345,0.393,0.755
10m,emb_nomic,Int8,original,1,512,0.41,0.4615,0.85
10m,emb_nomic,Int8,original,1,640,0.45,0.5085,0.905
10m,emb_nomic,Int8,original,1,768,0.47,0.535,0.905
10m,emb_nomic,Int8,original,2,128,0.31,0.404,0.735
10m,emb_nomic,Int8,original,2,256,0.445,0.5575,0.905
10m,emb_nomic,Int8,original,2,384,0.565,0.6375,0.965
10m,emb_nomic,Int8,original,2,512,0.63,0.703,0.98
10m,emb_nomic,Int8,original,2,640,0.675,0.7325,0.985
10m,emb_nomic,Int8,original,2,768,0.73,0.757,1.0
10m,emb_nomic,Int8,original,3,128,0.47,0.544,0.895
10m,emb_nomic,Int8,original,3,256,0.615,0.6845,0.97
10m,emb_nomic,Int8,original,3,384,0.69,0.7455,0.985
10m,emb_nomic,Int8,original,3,512,0.785,0.796,0.99
10m,emb_nomic,Int8,original,3,640,0.785,0.834,1.0
10m,emb_nomic,Int8,original,3,768,0.825,0.8715,1.0
10m,emb_nomic,Int8,original,4,128,0.555,0.601,0.93
10m,emb_nomic,Int8,original,4,256,0.65,0.7175,0.985
10m,emb_nomic,Int8,original,4,384,0.765,0.771,0.985
10m,emb_nomic,Int8,original,4,512,0.785,0.831,1.0
10m,emb_nomic,Int8,original,4,640,0.82,0.873,1.0
10m,emb_nomic,Int8,original,4,768,0.86,0.9065,1.0
10m,emb_nomic,Int8,original,5,128,0.58,0.621,0.955
10m,emb_nomic,Int8,original,5,256,0.695,0.7535,0.99
10m,emb_nomic,Int8,original,5,384,0.805,0.803,0.995
10m,emb_nomic,Int8,original,5,512,0.815,0.857,1.0
10m,emb_nomic,Int8,original,5,640,0.86,0.9015,1.0
10m,emb_nomic,Int8,original,5,768,0.93,0.9455,1.0
10m,emb_nomic,Int8,original,6,128,0.59,0.6305,0.955
10m,emb_nomic,Int8,original,6,256,0.69,0.753,0.99
10m,emb_nomic,Int8,original,6,384,0.815,0.813,0.995
10m,emb_nomic,Int8,original,6,512,0.85,0.866,1.0
10m,emb_nomic,Int8,original,6,640,0.885,0.9095,1.0
10m,emb_nomic,Int8,original,6,768,0.97,0.971,1.0
10m,emb_nomic,Int8,original,7,128,0.6,0.6355,0.96
10m,emb_nomic,Int8,original,7,256,0.69,0.758,0.99
10m,emb_nomic,Int8,original,7,384,0.81,0.817,0.995
10m,emb_nomic,Int8,original,7,512,0.85,0.873,1.0
10m,emb_nomic,Int8,original,7,640,0.895,0.909,1.0
10m,emb_nomic,Int8,original,7,768,0.985,0.983,1.0
10m,emb_nomic,Int8,original,8,128,0.605,0.633,0.955
10m,emb_nomic,Int8,original,8,256,0.68,0.7575,0.99
10m,emb_nomic,Int8,original,8,384,0.81,0.8175,0.995
10m,emb_nomic,Int8,original,8,512,0.84,0.8745,1.0
10m,emb_nomic,Int8,original,8,640,0.895,0.9135,1.0
10m,emb_nomic,Int8,original,8,768,1.0,0.9905,1.0
10m,emb_nomic,Int8,rotated,1,128,0.11,0.1905,0.385
10m,emb_nomic,Int8,rotated,1,256,0.235,0.3455,0.665
10m,emb_nomic,Int8,rotated,1,384,0.34,0.4435,0.775
10m,emb_nomic,Int8,rotated,1,512,0.43,0.516,0.87
10m,emb_nomic,Int8,rotated,1,640,0.5,0.5785,0.91
10m,emb_nomic,Int8,rotated,1,768,0.565,0.623,0.945
10m,emb_nomic,Int8,rotated,2,128,0.34,0.4285,0.805
10m,emb_nomic,Int8,rotated,2,256,0.485,0.577,0.915
10m,emb_nomic,Int8,rotated,2,384,0.58,0.651,0.95
10m,emb_nomic,Int8,rotated,2,512,0.605,0.7105,0.97
10m,emb_nomic,Int8,rotated,2,640,0.67,0.7515,0.995
10m,emb_nomic,Int8,rotated,2,768,0.685,0.78,1.0
10m,emb_nomic,Int8,rotated,3,128,0.455,0.535,0.88
10m,emb_nomic,Int8,rotated,3,256,0.595,0.667,0.95
10m,emb_nomic,Int8,rotated,3,384,0.675,0.7445,0.995
10m,emb_nomic,Int8,rotated,3,512,0.73,0.803,1.0
10m,emb_nomic,Int8,rotated,3,640,0.765,0.8325,1.0
10m,emb_nomic,Int8,rotated,3,768,0.785,0.8655,1.0
10m,emb_nomic,Int8,rotated,4,128,0.515,0.5775,0.92
10m,emb_nomic,Int8,rotated,4,256,0.645,0.697,0.975
10m,emb_nomic,Int8,rotated,4,384,0.72,0.7805,0.995
10m,emb_nomic,Int8,rotated,4,512,0.78,0.8345,1.0
10m,emb_nomic,Int8,rotated,4,640,0.84,0.865,1.0
10m,emb_nomic,Int8,rotated,4,768,0.865,0.9035,1.0
10m,emb_nomic,Int8,rotated,5,128,0.575,0.615,0.93
10m,emb_nomic,Int8,rotated,5,256,0.71,0.727,0.98
10m,emb_nomic,Int8,rotated,5,384,0.8,0.795,0.995
10m,emb_nomic,Int8,rotated,5,512,0.85,0.863,1.0
10m,emb_nomic,Int8,rotated,5,640,0.88,0.899,1.0
10m,emb_nomic,Int8,rotated,5,768,0.935,0.938,1.0
10m,emb_nomic,Int8,rotated,6,128,0.565,0.6255,0.94
10m,emb_nomic,Int8,rotated,6,256,0.715,0.7485,0.99
10m,emb_nomic,Int8,rotated,6,384,0.825,0.8065,1.0
10m,emb_nomic,Int8,rotated,6,512,0.85,0.872,1.0
10m,emb_nomic,Int8,rotated,6,640,0.89,0.913,1.0
10m,emb_nomic,Int8,rotated,6,768,0.955,0.9635,1.0
10m,emb_nomic,Int8,rotated,7,128,0.585,0.632,0.945
10m,emb_nomic,Int8,rotated,7,256,0.735,0.7485,0.99
10m,emb_nomic,Int8,rotated,7,384,0.83,0.8165,0.995
10m,emb_nomic,Int8,rotated,7,512,0.845,0.8785,1.0
10m,emb_nomic,Int8,rotated,7,640,0.895,0.918,1.0
10m,emb_nomic,Int8,rotated,7,768,0.96,0.9745,1.0
10m,emb_nomic,Int8,rotated,8,128,0.59,0.635,0.94
10m,emb_nomic,Int8,rotated,8,256,0.735,0.7535,0.995
10m,emb_nomic,Int8,rotated,8,384,0.825,0.8205,0.995
10m,emb_nomic,Int8,rotated,8,512,0.865,0.88,1.0
10m,emb_nomic,Int8,rotated,8,640,0.915,0.9215,1.0
10m,emb_nomic,Int8,rotated,8,768,0.995,0.9865,1.0
10m,emb_siglip2,BFloat16,original,1,128,0.0,0.0,0.0
10m,emb_siglip2,BFloat16,original,1,256,0.0,0.0,0.0
10m,emb_siglip2,BFloat16,original,1,384,0.0,0.0,0.0
10m,emb_siglip2,BFloat16,original,1,512,0.0,0.0,0.0
10m,emb_siglip2,BFloat16,original,1,640,0.0,0.0,0.0
10m,emb_siglip2,BFloat16,original,1,768,0.0,0.0,0.0
10m,emb_siglip2,BFloat16,original,1,896,0.0,0.0,0.0
10m,emb_siglip2,BFloat16,original,1,1024,0.0,0.0,0.0
10m,emb_siglip2,BFloat16,original,1,1152,0.0,0.0,0.0
10m,emb_siglip2,BFloat16,original,2,128,0.0,0.0,0.0
10m,emb_siglip2,BFloat16,original,2,256,0.0,0.0,0.0
10m,emb_siglip2,BFloat16,original,2,384,0.0,0.0,0.0
10m,emb_siglip2,BFloat16,original,2,512,0.0,0.0,0.0
10m,emb_siglip2,BFloat16,original,2,640,0.0,0.0,0.0
10m,emb_siglip2,BFloat16,original,2,768,0.0,0.0,0.0
10m,emb_siglip2,BFloat16,original,2,896,0.0,0.0,0.0
10m,emb_siglip2,BFloat16,original,2,1024,0.0,0.0,0.0
10m,emb_siglip2,BFloat16,original,2,1152,0.0,0.0,0.0
10m,emb_siglip2,BFloat16,original,3,128,0.355,0.3405,0.67
10m,emb_siglip2,BFloat16,original,3,256,0.51,0.509,0.92
10m,emb_siglip2,BFloat16,original,3,384,0.575,0.5805,0.94
10m,emb_siglip2,BFloat16,original,3,512,0.625,0.6345,0.975
10m,emb_siglip2,BFloat16,original,3,640,0.655,0.659,0.975
10m,emb_siglip2,BFloat16,original,3,768,0.695,0.691,0.99
10m,emb_siglip2,BFloat16,original,3,896,0.69,0.7195,0.995
10m,emb_siglip2,BFloat16,original,3,1024,0.735,0.7345,0.995
10m,emb_siglip2,BFloat16,original,3,1152,0.74,0.753,0.995
10m,emb_siglip2,BFloat16,original,4,128,0.355,0.3405,0.67
10m,emb_siglip2,BFloat16,original,4,256,0.51,0.509,0.92
10m,emb_siglip2,BFloat16,original,4,384,0.575,0.5805,0.94
10m,emb_siglip2,BFloat16,original,4,512,0.625,0.6345,0.975
10m,emb_siglip2,BFloat16,original,4,640,0.655,0.659,0.975
10m,emb_siglip2,BFloat16,original,4,768,0.695,0.691,0.99
10m,emb_siglip2,BFloat16,original,4,896,0.69,0.7195,0.995
10m,emb_siglip2,BFloat16,original,4,1024,0.735,0.7345,0.995
10m,emb_siglip2,BFloat16,original,4,1152,0.74,0.753,0.995
10m,emb_siglip2,BFloat16,original,5,128,0.355,0.3425,0.67
10m,emb_siglip2,BFloat16,original,5,256,0.51,0.509,0.925
10m,emb_siglip2,BFloat16,original,5,384,0.575,0.5795,0.945
10m,emb_siglip2,BFloat16,original,5,512,0.62,0.635,0.97
10m,emb_siglip2,BFloat16,original,5,640,0.655,0.6615,0.975
10m,emb_siglip2,BFloat16,original,5,768,0.7,0.6935,0.99
10m,emb_siglip2,BFloat16,original,5,896,0.69,0.7195,0.995
10m,emb_siglip2,BFloat16,original,5,1024,0.735,0.736,0.995
10m,emb_siglip2,BFloat16,original,5,1152,0.74,0.752,0.995
10m,emb_siglip2,BFloat16,original,6,128,0.38,0.4205,0.76
10m,emb_siglip2,BFloat16,original,6,256,0.525,0.5775,0.915
10m,emb_siglip2,BFloat16,original,6,384,0.575,0.664,0.965
10m,emb_siglip2,BFloat16,original,6,512,0.65,0.703,0.99
10m,emb_siglip2,BFloat16,original,6,640,0.69,0.7225,0.99
10m,emb_siglip2,BFloat16,original,6,768,0.71,0.7545,0.99
10m,emb_siglip2,BFloat16,original,6,896,0.73,0.775,0.995
10m,emb_siglip2,BFloat16,original,6,1024,0.76,0.795,0.995
10m,emb_siglip2,BFloat16,original,6,1152,0.78,0.8085,0.995
10m,emb_siglip2,BFloat16,original,7,128,0.365,0.401,0.74
10m,emb_siglip2,BFloat16,original,7,256,0.485,0.5585,0.895
10m,emb_siglip2,BFloat16,original,7,384,0.575,0.648,0.93
10m,emb_siglip2,BFloat16,original,7,512,0.555,0.6255,0.93
10m,emb_siglip2,BFloat16,original,7,640,0.63,0.6705,0.94
10m,emb_siglip2,BFloat16,original,7,768,0.655,0.6945,0.96
10m,emb_siglip2,BFloat16,original,7,896,0.68,0.6985,0.985
10m,emb_siglip2,BFloat16,original,7,1024,0.635,0.6805,0.995
10m,emb_siglip2,BFloat16,original,7,1152,0.665,0.694,0.995
10m,emb_siglip2,BFloat16,original,8,128,0.115,0.076,0.17
10m,emb_siglip2,BFloat16,original,8,256,0.185,0.1515,0.325
10m,emb_siglip2,BFloat16,original,8,384,0.275,0.237,0.49
10m,emb_siglip2,BFloat16,original,8,512,0.23,0.1835,0.375
10m,emb_siglip2,BFloat16,original,8,640,0.275,0.256,0.475
10m,emb_siglip2,BFloat16,original,8,768,0.32,0.295,0.56
10m,emb_siglip2,BFloat16,original,8,896,0.37,0.364,0.63
10m,emb_siglip2,BFloat16,original,8,1024,0.44,0.4365,0.725
10m,emb_siglip2,BFloat16,original,8,1152,0.5,0.5045,0.825
10m,emb_siglip2,BFloat16,original,9,128,0.415,0.363,0.735
10m,emb_siglip2,BFloat16,original,9,256,0.545,0.523,0.89
10m,emb_siglip2,BFloat16,original,9,384,0.635,0.6255,0.965
10m,emb_siglip2,BFloat16,original,9,512,0.64,0.643,0.965
10m,emb_siglip2,BFloat16,original,9,640,0.71,0.702,0.995
10m,emb_siglip2,BFloat16,original,9,768,0.75,0.746,0.995
10m,emb_siglip2,BFloat16,original,9,896,0.79,0.7825,0.995
10m,emb_siglip2,BFloat16,original,9,1024,0.85,0.8235,0.995
10m,emb_siglip2,BFloat16,original,9,1152,0.87,0.8475,0.995
10m,emb_siglip2,BFloat16,original,10,128,0.565,0.525,0.905
10m,emb_siglip2,BFloat16,original,10,256,0.66,0.67,0.985
10m,emb_siglip2,BFloat16,original,10,384,0.725,0.7365,0.995
10m,emb_siglip2,BFloat16,original,10,512,0.77,0.7785,0.995
10m,emb_siglip2,BFloat16,original,10,640,0.815,0.808,0.995
10m,emb_siglip2,BFloat16,original,10,768,0.83,0.837,0.995
10m,emb_siglip2,BFloat16,original,10,896,0.87,0.867,0.995
10m,emb_siglip2,BFloat16,original,10,1024,0.89,0.89,0.995
10m,emb_siglip2,BFloat16,original,10,1152,0.915,0.9145,0.995
10m,emb_siglip2,BFloat16,original,11,128,0.56,0.5245,0.895
10m,emb_siglip2,BFloat16,original,11,256,0.655,0.6795,0.99
10m,emb_siglip2,BFloat16,original,11,384,0.725,0.7435,0.995
10m,emb_siglip2,BFloat16,original,11,512,0.765,0.776,0.995
10m,emb_siglip2,BFloat16,original,11,640,0.795,0.822,0.995
10m,emb_siglip2,BFloat16,original,11,768,0.855,0.852,0.995
10m,emb_siglip2,BFloat16,original,11,896,0.88,0.8795,0.995
10m,emb_siglip2,BFloat16,original,11,1024,0.91,0.917,0.995
10m,emb_siglip2,BFloat16,original,11,1152,0.955,0.9435,0.995
10m,emb_siglip2,BFloat16,original,12,128,0.58,0.527,0.9
10m,emb_siglip2,BFloat16,original,12,256,0.645,0.6845,0.99
10m,emb_siglip2,BFloat16,original,12,384,0.73,0.7555,0.995
10m,emb_siglip2,BFloat16,original,12,512,0.755,0.79,0.995
10m,emb_siglip2,BFloat16,original,12,640,0.8,0.833,0.995
10m,emb_siglip2,BFloat16,original,12,768,0.835,0.866,0.995
10m,emb_siglip2,BFloat16,original,12,896,0.865,0.898,0.995
10m,emb_siglip2,BFloat16,original,12,1024,0.91,0.934,0.995
10m,emb_siglip2,BFloat16,original,12,1152,0.96,0.973,0.995
10m,emb_siglip2,BFloat16,original,13,128,0.58,0.53,0.91
10m,emb_siglip2,BFloat16,original,13,256,0.665,0.6885,0.99
10m,emb_siglip2,BFloat16,original,13,384,0.725,0.758,0.995
10m,emb_siglip2,BFloat16,original,13,512,0.75,0.798,0.995
10m,emb_siglip2,BFloat16,original,13,640,0.8,0.838,0.995
10m,emb_siglip2,BFloat16,original,13,768,0.84,0.8685,0.995
10m,emb_siglip2,BFloat16,original,13,896,0.885,0.899,0.995
10m,emb_siglip2,BFloat16,original,13,1024,0.92,0.933,0.995
10m,emb_siglip2,BFloat16,original,13,1152,0.985,0.989,0.995
10m,emb_siglip2,BFloat16,original,14,128,0.575,0.5295,0.905
10m,emb_siglip2,BFloat16,original,14,256,0.655,0.683,0.99
10m,emb_siglip2,BFloat16,original,14,384,0.715,0.7585,0.995
10m,emb_siglip2,BFloat16,original,14,512,0.745,0.8,0.995
10m,emb_siglip2,BFloat16,original,14,640,0.795,0.835,0.995
10m,emb_siglip2,BFloat16,original,14,768,0.845,0.87,0.995
10m,emb_siglip2,BFloat16,original,14,896,0.885,0.8965,0.995
10m,emb_siglip2,BFloat16,original,14,1024,0.91,0.934,0.995
10m,emb_siglip2,BFloat16,original,14,1152,0.99,0.9935,0.995
10m,emb_siglip2,BFloat16,original,15,128,0.58,0.531,0.905
10m,emb_siglip2,BFloat16,original,15,256,0.655,0.6855,0.99
10m,emb_siglip2,BFloat16,original,15,384,0.72,0.7585,0.995
10m,emb_siglip2,BFloat16,original,15,512,0.745,0.798,0.995
10m,emb_siglip2,BFloat16,original,15,640,0.8,0.838,0.995
10m,emb_siglip2,BFloat16,original,15,768,0.845,0.8695,0.995
10m,emb_siglip2,BFloat16,original,15,896,0.885,0.8975,0.995
10m,emb_siglip2,BFloat16,original,15,1024,0.91,0.9345,0.995
10m,emb_siglip2,BFloat16,original,15,1152,0.99,0.995,0.995
10m,emb_siglip2,BFloat16,original,16,128,0.58,0.53,0.905
10m,emb_siglip2,BFloat16,original,16,256,0.655,0.6855,0.99
10m,emb_siglip2,BFloat16,original,16,384,0.71,0.757,0.995
10m,emb_siglip2,BFloat16,original,16,512,0.745,0.798,0.995
10m,emb_siglip2,BFloat16,original,16,640,0.795,0.837,0.995
10m,emb_siglip2,BFloat16,original,16,768,0.845,0.8675,0.995
10m,emb_siglip2,BFloat16,original,16,896,0.88,0.8955,0.995
10m,emb_siglip2,BFloat16,original,16,1024,0.915,0.9345,0.995
10m,emb_siglip2,BFloat16,original,16,1152,0.995,0.9985,0.995
10m,emb_siglip2,BFloat16,rotated,1,128,0.0,0.0,0.0
10m,emb_siglip2,BFloat16,rotated,1,256,0.0,0.0,0.0
10m,emb_siglip2,BFloat16,rotated,1,384,0.0,0.0,0.0
10m,emb_siglip2,BFloat16,rotated,1,512,0.0,0.0,0.0
10m,emb_siglip2,BFloat16,rotated,1,640,0.0,0.0,0.0
10m,emb_siglip2,BFloat16,rotated,1,768,0.0,0.0,0.0
10m,emb_siglip2,BFloat16,rotated,1,896,0.0,0.0,0.0
10m,emb_siglip2,BFloat16,rotated,1,1024,0.0,0.0,0.0
10m,emb_siglip2,BFloat16,rotated,1,1152,0.0,0.0,0.0
10m,emb_siglip2,BFloat16,rotated,1,1280,0.0,0.0,0.0
10m,emb_siglip2,BFloat16,rotated,1,1408,0.0,0.0,0.0
10m,emb_siglip2,BFloat16,rotated,1,1536,0.0,0.0,0.0
10m,emb_siglip2,BFloat16,rotated,1,1664,0.0,0.0,0.0
10m,emb_siglip2,BFloat16,rotated,1,1792,0.0,0.0,0.0
10m,emb_siglip2,BFloat16,rotated,1,1920,0.0,0.0,0.0
10m,emb_siglip2,BFloat16,rotated,1,2048,0.0,0.0,0.0
10m,emb_siglip2,BFloat16,rotated,2,128,0.0,0.0,0.0
10m,emb_siglip2,BFloat16,rotated,2,256,0.0,0.0,0.0
10m,emb_siglip2,BFloat16,rotated,2,384,0.0,0.0,0.0
10m,emb_siglip2,BFloat16,rotated,2,512,0.0,0.0,0.0
10m,emb_siglip2,BFloat16,rotated,2,640,0.0,0.0,0.0
10m,emb_siglip2,BFloat16,rotated,2,768,0.0,0.0,0.0
10m,emb_siglip2,BFloat16,rotated,2,896,0.0,0.0,0.0
10m,emb_siglip2,BFloat16,rotated,2,1024,0.0,0.0,0.0
10m,emb_siglip2,BFloat16,rotated,2,1152,0.0,0.0,0.0
10m,emb_siglip2,BFloat16,rotated,2,1280,0.0,0.0,0.0
10m,emb_siglip2,BFloat16,rotated,2,1408,0.0,0.0,0.0
10m,emb_siglip2,BFloat16,rotated,2,1536,0.0,0.0,0.0
10m,emb_siglip2,BFloat16,rotated,2,1664,0.0,0.0,0.0
10m,emb_siglip2,BFloat16,rotated,2,1792,0.0,0.0,0.0
10m,emb_siglip2,BFloat16,rotated,2,1920,0.0,0.0,0.0
10m,emb_siglip2,BFloat16,rotated,2,2048,0.0,0.0,0.0
10m,emb_siglip2,BFloat16,rotated,3,128,0.255,0.2665,0.555
10m,emb_siglip2,BFloat16,rotated,3,256,0.375,0.4535,0.795
10m,emb_siglip2,BFloat16,rotated,3,384,0.495,0.5375,0.875
10m,emb_siglip2,BFloat16,rotated,3,512,0.55,0.595,0.95
10m,emb_siglip2,BFloat16,rotated,3,640,0.605,0.647,0.975
10m,emb_siglip2,BFloat16,rotated,3,768,0.635,0.676,0.995
10m,emb_siglip2,BFloat16,rotated,3,896,0.67,0.7015,0.995
10m,emb_siglip2,BFloat16,rotated,3,1024,0.71,0.723,0.99
10m,emb_siglip2,BFloat16,rotated,3,1152,0.735,0.725,0.99
10m,emb_siglip2,BFloat16,rotated,3,1280,0.725,0.7325,0.99
10m,emb_siglip2,BFloat16,rotated,3,1408,0.725,0.74,0.99
10m,emb_siglip2,BFloat16,rotated,3,1536,0.755,0.7555,0.99
10m,emb_siglip2,BFloat16,rotated,3,1664,0.755,0.769,0.995
10m,emb_siglip2,BFloat16,rotated,3,1792,0.76,0.778,0.995
10m,emb_siglip2,BFloat16,rotated,3,1920,0.745,0.7785,0.995
10m,emb_siglip2,BFloat16,rotated,3,2048,0.765,0.784,0.995
10m,emb_siglip2,BFloat16,rotated,4,128,0.255,0.2665,0.555
10m,emb_siglip2,BFloat16,rotated,4,256,0.375,0.4535,0.795
10m,emb_siglip2,BFloat16,rotated,4,384,0.495,0.5375,0.875
10m,emb_siglip2,BFloat16,rotated,4,512,0.55,0.595,0.95
10m,emb_siglip2,BFloat16,rotated,4,640,0.605,0.647,0.975
10m,emb_siglip2,BFloat16,rotated,4,768,0.635,0.676,0.995
10m,emb_siglip2,BFloat16,rotated,4,896,0.67,0.7015,0.995
10m,emb_siglip2,BFloat16,rotated,4,1024,0.71,0.723,0.99
10m,emb_siglip2,BFloat16,rotated,4,1152,0.735,0.725,0.99
10m,emb_siglip2,BFloat16,rotated,4,1280,0.725,0.7325,0.99
10m,emb_siglip2,BFloat16,rotated,4,1408,0.725,0.74,0.99
10m,emb_siglip2,BFloat16,rotated,4,1536,0.755,0.7555,0.99
10m,emb_siglip2,BFloat16,rotated,4,1664,0.755,0.769,0.995
10m,emb_siglip2,BFloat16,rotated,4,1792,0.76,0.778,0.995
10m,emb_siglip2,BFloat16,rotated,4,1920,0.745,0.7785,0.995
10m,emb_siglip2,BFloat16,rotated,4,2048,0.765,0.784,0.995
10m,emb_siglip2,BFloat16,rotated,5,128,0.25,0.2695,0.565
10m,emb_siglip2,BFloat16,rotated,5,256,0.38,0.4565,0.79
10m,emb_siglip2,BFloat16,rotated,5,384,0.49,0.536,0.87
10m,emb_siglip2,BFloat16,rotated,5,512,0.54,0.596,0.95
10m,emb_siglip2,BFloat16,rotated,5,640,0.595,0.647,0.975
10m,emb_siglip2,BFloat16,rotated,5,768,0.63,0.6765,0.995
10m,emb_siglip2,BFloat16,rotated,5,896,0.675,0.7005,0.995
10m,emb_siglip2,BFloat16,rotated,5,1024,0.71,0.7195,0.99
10m,emb_siglip2,BFloat16,rotated,5,1152,0.73,0.7255,0.99
10m,emb_siglip2,BFloat16,rotated,5,1280,0.73,0.736,0.99
10m,emb_siglip2,BFloat16,rotated,5,1408,0.725,0.7395,0.99
10m,emb_siglip2,BFloat16,rotated,5,1536,0.765,0.7565,0.99
10m,emb_siglip2,BFloat16,rotated,5,1664,0.755,0.7705,0.995
10m,emb_siglip2,BFloat16,rotated,5,1792,0.765,0.775,0.995
10m,emb_siglip2,BFloat16,rotated,5,1920,0.74,0.783,0.995
10m,emb_siglip2,BFloat16,rotated,5,2048,0.77,0.7875,0.995
10m,emb_siglip2,BFloat16,rotated,6,128,0.38,0.39,0.775
10m,emb_siglip2,BFloat16,rotated,6,256,0.52,0.572,0.89
10m,emb_siglip2,BFloat16,rotated,6,384,0.6,0.646,0.97
10m,emb_siglip2,BFloat16,rotated,6,512,0.665,0.7025,0.99
10m,emb_siglip2,BFloat16,rotated,6,640,0.69,0.7355,0.985
10m,emb_siglip2,BFloat16,rotated,6,768,0.68,0.762,0.995
10m,emb_siglip2,BFloat16,rotated,6,896,0.735,0.779,0.995
10m,emb_siglip2,BFloat16,rotated,6,1024,0.74,0.8005,0.995
10m,emb_siglip2,BFloat16,rotated,6,1152,0.735,0.801,0.995
10m,emb_siglip2,BFloat16,rotated,6,1280,0.73,0.808,0.995
10m,emb_siglip2,BFloat16,rotated,6,1408,0.75,0.8175,0.995
10m,emb_siglip2,BFloat16,rotated,6,1536,0.755,0.8285,0.995
10m,emb_siglip2,BFloat16,rotated,6,1664,0.765,0.833,0.995
10m,emb_siglip2,BFloat16,rotated,6,1792,0.8,0.841,0.995
10m,emb_siglip2,BFloat16,rotated,6,1920,0.8,0.8455,0.995
10m,emb_siglip2,BFloat16,rotated,6,2048,0.785,0.8525,0.995
10m,emb_siglip2,BFloat16,rotated,7,128,0.375,0.3965,0.77
10m,emb_siglip2,BFloat16,rotated,7,256,0.52,0.582,0.895
10m,emb_siglip2,BFloat16,rotated,7,384,0.615,0.653,0.97
10m,emb_siglip2,BFloat16,rotated,7,512,0.67,0.706,0.99
10m,emb_siglip2,BFloat16,rotated,7,640,0.69,0.739,0.995
10m,emb_siglip2,BFloat16,rotated,7,768,0.69,0.767,0.995
10m,emb_siglip2,BFloat16,rotated,7,896,0.74,0.7835,0.995
10m,emb_siglip2,BFloat16,rotated,7,1024,0.74,0.8025,0.995
10m,emb_siglip2,BFloat16,rotated,7,1152,0.76,0.804,0.995
10m,emb_siglip2,BFloat16,rotated,7,1280,0.745,0.813,0.995
10m,emb_siglip2,BFloat16,rotated,7,1408,0.755,0.822,0.995
10m,emb_siglip2,BFloat16,rotated,7,1536,0.76,0.83,0.995
10m,emb_siglip2,BFloat16,rotated,7,1664,0.76,0.8365,0.995
10m,emb_siglip2,BFloat16,rotated,7,1792,0.8,0.8425,0.995
10m,emb_siglip2,BFloat16,rotated,7,1920,0.79,0.847,0.995
10m,emb_siglip2,BFloat16,rotated,7,2048,0.785,0.8535,0.995
10m,emb_siglip2,BFloat16,rotated,8,128,0.41,0.429,0.775
10m,emb_siglip2,BFloat16,rotated,8,256,0.535,0.6045,0.93
10m,emb_siglip2,BFloat16,rotated,8,384,0.63,0.6785,0.965
10m,emb_siglip2,BFloat16,rotated,8,512,0.695,0.7295,0.98
10m,emb_siglip2,BFloat16,rotated,8,640,0.69,0.766,0.99
10m,emb_siglip2,BFloat16,rotated,8,768,0.77,0.7895,0.995
10m,emb_siglip2,BFloat16,rotated,8,896,0.765,0.813,0.995
10m,emb_siglip2,BFloat16,rotated,8,1024,0.8,0.829,0.995
10m,emb_siglip2,BFloat16,rotated,8,1152,0.815,0.835,0.995
10m,emb_siglip2,BFloat16,rotated,8,1280,0.795,0.841,0.995
10m,emb_siglip2,BFloat16,rotated,8,1408,0.825,0.8455,0.995
10m,emb_siglip2,BFloat16,rotated,8,1536,0.84,0.86,0.995
10m,emb_siglip2,BFloat16,rotated,8,1664,0.85,0.87,0.995
10m,emb_siglip2,BFloat16,rotated,8,1792,0.87,0.8745,0.995
10m,emb_siglip2,BFloat16,rotated,8,1920,0.89,0.886,0.995
10m,emb_siglip2,BFloat16,rotated,8,2048,0.88,0.8965,0.995
10m,emb_siglip2,BFloat16,rotated,9,128,0.515,0.5205,0.87
10m,emb_siglip2,BFloat16,rotated,9,256,0.615,0.6905,0.98
10m,emb_siglip2,BFloat16,rotated,9,384,0.73,0.7485,0.995
10m,emb_siglip2,BFloat16,rotated,9,512,0.76,0.794,0.995
10m,emb_siglip2,BFloat16,rotated,9,640,0.775,0.827,0.995
10m,emb_siglip2,BFloat16,rotated,9,768,0.83,0.848,0.995
10m,emb_siglip2,BFloat16,rotated,9,896,0.84,0.8695,0.995
10m,emb_siglip2,BFloat16,rotated,9,1024,0.85,0.8885,0.995
10m,emb_siglip2,BFloat16,rotated,9,1152,0.85,0.89,0.995
10m,emb_siglip2,BFloat16,rotated,9,1280,0.875,0.895,0.995
10m,emb_siglip2,BFloat16,rotated,9,1408,0.86,0.8985,0.995
10m,emb_siglip2,BFloat16,rotated,9,1536,0.875,0.9085,0.995
10m,emb_siglip2,BFloat16,rotated,9,1664,0.88,0.9135,0.995
10m,emb_siglip2,BFloat16,rotated,9,1792,0.89,0.9215,0.995
10m,emb_siglip2,BFloat16,rotated,9,1920,0.89,0.939,0.995
10m,emb_siglip2,BFloat16,rotated,9,2048,0.905,0.948,0.995
10m,emb_siglip2,BFloat16,rotated,10,128,0.55,0.5575,0.9
10m,emb_siglip2,BFloat16,rotated,10,256,0.67,0.7145,0.99
10m,emb_siglip2,BFloat16,rotated,10,384,0.735,0.7685,0.995
10m,emb_siglip2,BFloat16,rotated,10,512,0.79,0.8175,0.995
10m,emb_siglip2,BFloat16,rotated,10,640,0.83,0.845,0.995
10m,emb_siglip2,BFloat16,rotated,10,768,0.845,0.8695,0.995
10m,emb_siglip2,BFloat16,rotated,10,896,0.875,0.887,0.995
10m,emb_siglip2,BFloat16,rotated,10,1024,0.885,0.9055,0.995
10m,emb_siglip2,BFloat16,rotated,10,1152,0.895,0.9075,0.995
10m,emb_siglip2,BFloat16,rotated,10,1280,0.895,0.913,0.995
10m,emb_siglip2,BFloat16,rotated,10,1408,0.92,0.9145,0.995
10m,emb_siglip2,BFloat16,rotated,10,1536,0.93,0.9245,0.995
10m,emb_siglip2,BFloat16,rotated,10,1664,0.93,0.9285,0.995
10m,emb_siglip2,BFloat16,rotated,10,1792,0.955,0.941,0.995
10m,emb_siglip2,BFloat16,rotated,10,1920,0.955,0.953,0.995
10m,emb_siglip2,BFloat16,rotated,10,2048,0.97,0.963,0.995
10m,emb_siglip2,BFloat16,rotated,11,128,0.595,0.5705,0.9
10m,emb_siglip2,BFloat16,rotated,11,256,0.675,0.7275,0.995
10m,emb_siglip2,BFloat16,rotated,11,384,0.75,0.7805,0.995
10m,emb_siglip2,BFloat16,rotated,11,512,0.8,0.8265,0.995
10m,emb_siglip2,BFloat16,rotated,11,640,0.835,0.8515,0.995
10m,emb_siglip2,BFloat16,rotated,11,768,0.855,0.878,0.995
10m,emb_siglip2,BFloat16,rotated,11,896,0.89,0.9005,0.995
10m,emb_siglip2,BFloat16,rotated,11,1024,0.9,0.914,0.995
10m,emb_siglip2,BFloat16,rotated,11,1152,0.885,0.9155,0.995
10m,emb_siglip2,BFloat16,rotated,11,1280,0.91,0.9205,0.995
10m,emb_siglip2,BFloat16,rotated,11,1408,0.91,0.9265,0.995
10m,emb_siglip2,BFloat16,rotated,11,1536,0.935,0.9315,0.995
10m,emb_siglip2,BFloat16,rotated,11,1664,0.935,0.9395,0.995
10m,emb_siglip2,BFloat16,rotated,11,1792,0.95,0.95,0.995
10m,emb_siglip2,BFloat16,rotated,11,1920,0.96,0.9665,0.995
10m,emb_siglip2,BFloat16,rotated,11,2048,0.985,0.982,0.995
10m,emb_siglip2,BFloat16,rotated,12,128,0.6,0.5755,0.91
10m,emb_siglip2,BFloat16,rotated,12,256,0.675,0.7305,0.995
10m,emb_siglip2,BFloat16,rotated,12,384,0.75,0.784,0.995
10m,emb_siglip2,BFloat16,rotated,12,512,0.8,0.829,0.995
10m,emb_siglip2,BFloat16,rotated,12,640,0.84,0.8545,0.995
10m,emb_siglip2,BFloat16,rotated,12,768,0.87,0.88,0.995
10m,emb_siglip2,BFloat16,rotated,12,896,0.89,0.898,0.995
10m,emb_siglip2,BFloat16,rotated,12,1024,0.91,0.917,0.995
10m,emb_siglip2,BFloat16,rotated,12,1152,0.895,0.9175,0.995
10m,emb_siglip2,BFloat16,rotated,12,1280,0.925,0.9215,0.995
10m,emb_siglip2,BFloat16,rotated,12,1408,0.915,0.9275,0.995
10m,emb_siglip2,BFloat16,rotated,12,1536,0.93,0.9365,0.995
10m,emb_siglip2,BFloat16,rotated,12,1664,0.945,0.939,0.995
10m,emb_siglip2,BFloat16,rotated,12,1792,0.955,0.953,0.995
10m,emb_siglip2,BFloat16,rotated,12,1920,0.965,0.9695,0.995
10m,emb_siglip2,BFloat16,rotated,12,2048,0.985,0.991,0.995
10m,emb_siglip2,BFloat16,rotated,13,128,0.59,0.5765,0.91
10m,emb_siglip2,BFloat16,rotated,13,256,0.675,0.732,0.995
10m,emb_siglip2,BFloat16,rotated,13,384,0.765,0.785,0.995
10m,emb_siglip2,BFloat16,rotated,13,512,0.805,0.8295,0.995
10m,emb_siglip2,BFloat16,rotated,13,640,0.845,0.8555,0.995
10m,emb_siglip2,BFloat16,rotated,13,768,0.87,0.8785,0.995
10m,emb_siglip2,BFloat16,rotated,13,896,0.9,0.9015,0.995
10m,emb_siglip2,BFloat16,rotated,13,1024,0.92,0.918,0.995
10m,emb_siglip2,BFloat16,rotated,13,1152,0.9,0.9155,0.995
10m,emb_siglip2,BFloat16,rotated,13,1280,0.92,0.9205,0.995
10m,emb_siglip2,BFloat16,rotated,13,1408,0.915,0.928,0.995
10m,emb_siglip2,BFloat16,rotated,13,1536,0.94,0.936,0.995
10m,emb_siglip2,BFloat16,rotated,13,1664,0.935,0.9425,0.995
10m,emb_siglip2,BFloat16,rotated,13,1792,0.96,0.9545,0.995
10m,emb_siglip2,BFloat16,rotated,13,1920,0.955,0.9695,0.995
10m,emb_siglip2,BFloat16,rotated,13,2048,0.99,0.9945,0.995
10m,emb_siglip2,BFloat16,rotated,14,128,0.595,0.577,0.91
10m,emb_siglip2,BFloat16,rotated,14,256,0.685,0.733,0.995
10m,emb_siglip2,BFloat16,rotated,14,384,0.77,0.7845,0.995
10m,emb_siglip2,BFloat16,rotated,14,512,0.805,0.8305,0.995
10m,emb_siglip2,BFloat16,rotated,14,640,0.85,0.854,0.995
10m,emb_siglip2,BFloat16,rotated,14,768,0.88,0.881,0.995
10m,emb_siglip2,BFloat16,rotated,14,896,0.9,0.8995,0.995
10m,emb_siglip2,BFloat16,rotated,14,1024,0.92,0.919,0.995
10m,emb_siglip2,BFloat16,rotated,14,1152,0.905,0.918,0.995
10m,emb_siglip2,BFloat16,rotated,14,1280,0.92,0.922,0.995
10m,emb_siglip2,BFloat16,rotated,14,1408,0.92,0.9305,0.995
10m,emb_siglip2,BFloat16,rotated,14,1536,0.94,0.9355,0.995
10m,emb_siglip2,BFloat16,rotated,14,1664,0.945,0.9425,0.995
10m,emb_siglip2,BFloat16,rotated,14,1792,0.96,0.9545,0.995
10m,emb_siglip2,BFloat16,rotated,14,1920,0.955,0.9685,0.995
10m,emb_siglip2,BFloat16,rotated,14,2048,0.995,0.996,0.995
10m,emb_siglip2,BFloat16,rotated,15,128,0.59,0.5765,0.905
10m,emb_siglip2,BFloat16,rotated,15,256,0.685,0.736,0.995
10m,emb_siglip2,BFloat16,rotated,15,384,0.76,0.784,0.995
10m,emb_siglip2,BFloat16,rotated,15,512,0.805,0.83,0.995
10m,emb_siglip2,BFloat16,rotated,15,640,0.84,0.8545,0.995
10m,emb_siglip2,BFloat16,rotated,15,768,0.88,0.882,0.995
10m,emb_siglip2,BFloat16,rotated,15,896,0.9,0.9005,0.995
10m,emb_siglip2,BFloat16,rotated,15,1024,0.92,0.919,0.995
10m,emb_siglip2,BFloat16,rotated,15,1152,0.895,0.918,0.995
10m,emb_siglip2,BFloat16,rotated,15,1280,0.92,0.92,0.995
10m,emb_siglip2,BFloat16,rotated,15,1408,0.91,0.93,0.995
10m,emb_siglip2,BFloat16,rotated,15,1536,0.94,0.9345,0.995
10m,emb_siglip2,BFloat16,rotated,15,1664,0.94,0.942,0.995
10m,emb_siglip2,BFloat16,rotated,15,1792,0.955,0.9555,0.995
10m,emb_siglip2,BFloat16,rotated,15,1920,0.955,0.9665,0.995
10m,emb_siglip2,BFloat16,rotated,15,2048,0.995,0.9975,0.995
10m,emb_siglip2,BFloat16,rotated,16,128,0.59,0.5765,0.905
10m,emb_siglip2,BFloat16,rotated,16,256,0.68,0.7335,0.995
10m,emb_siglip2,BFloat16,rotated,16,384,0.76,0.7835,0.995
10m,emb_siglip2,BFloat16,rotated,16,512,0.805,0.83,0.995
10m,emb_siglip2,BFloat16,rotated,16,640,0.84,0.8545,0.995
10m,emb_siglip2,BFloat16,rotated,16,768,0.88,0.882,0.995
10m,emb_siglip2,BFloat16,rotated,16,896,0.9,0.9,0.995
10m,emb_siglip2,BFloat16,rotated,16,1024,0.92,0.9185,0.995
10m,emb_siglip2,BFloat16,rotated,16,1152,0.895,0.9175,0.995
10m,emb_siglip2,BFloat16,rotated,16,1280,0.92,0.9205,0.995
10m,emb_siglip2,BFloat16,rotated,16,1408,0.91,0.93,0.995
10m,emb_siglip2,BFloat16,rotated,16,1536,0.94,0.934,0.995
10m,emb_siglip2,BFloat16,rotated,16,1664,0.94,0.9415,0.995
10m,emb_siglip2,BFloat16,rotated,16,1792,0.96,0.9555,0.995
10m,emb_siglip2,BFloat16,rotated,16,1920,0.955,0.967,0.995
10m,emb_siglip2,BFloat16,rotated,16,2048,0.995,0.9975,0.995
10m,emb_siglip2,Int8,original,1,128,0.35,0.3395,0.675
10m,emb_siglip2,Int8,original,1,256,0.515,0.512,0.92
10m,emb_siglip2,Int8,original,1,384,0.57,0.581,0.94
10m,emb_siglip2,Int8,original,1,512,0.64,0.636,0.97
10m,emb_siglip2,Int8,original,1,640,0.65,0.6605,0.975
10m,emb_siglip2,Int8,original,1,768,0.695,0.691,0.99
10m,emb_siglip2,Int8,original,1,896,0.7,0.7185,0.995
10m,emb_siglip2,Int8,original,1,1024,0.735,0.7335,0.995
10m,emb_siglip2,Int8,original,1,1152,0.755,0.7505,0.995
10m,emb_siglip2,Int8,original,2,128,0.49,0.4445,0.785
10m,emb_siglip2,Int8,original,2,256,0.595,0.6145,0.97
10m,emb_siglip2,Int8,original,2,384,0.68,0.7015,0.985
10m,emb_siglip2,Int8,original,2,512,0.74,0.739,0.99
10m,emb_siglip2,Int8,original,2,640,0.76,0.7715,0.995
10m,emb_siglip2,Int8,original,2,768,0.775,0.7915,0.995
10m,emb_siglip2,Int8,original,2,896,0.815,0.814,0.995
10m,emb_siglip2,Int8,original,2,1024,0.84,0.8285,0.995
10m,emb_siglip2,Int8,original,2,1152,0.84,0.846,0.995
10m,emb_siglip2,Int8,original,3,128,0.475,0.459,0.855
10m,emb_siglip2,Int8,original,3,256,0.615,0.6475,0.975
10m,emb_siglip2,Int8,original,3,384,0.715,0.7255,0.995
10m,emb_siglip2,Int8,original,3,512,0.73,0.775,0.995
10m,emb_siglip2,Int8,original,3,640,0.75,0.8015,0.995
10m,emb_siglip2,Int8,original,3,768,0.8,0.823,0.995
10m,emb_siglip2,Int8,original,3,896,0.83,0.852,0.995
10m,emb_siglip2,Int8,original,3,1024,0.87,0.8695,0.995
10m,emb_siglip2,Int8,original,3,1152,0.895,0.888,0.995
10m,emb_siglip2,Int8,original,4,128,0.455,0.463,0.855
10m,emb_siglip2,Int8,original,4,256,0.615,0.6705,0.975
10m,emb_siglip2,Int8,original,4,384,0.705,0.738,0.995
10m,emb_siglip2,Int8,original,4,512,0.74,0.788,0.995
10m,emb_siglip2,Int8,original,4,640,0.8,0.8205,0.995
10m,emb_siglip2,Int8,original,4,768,0.81,0.842,0.995
10m,emb_siglip2,Int8,original,4,896,0.845,0.875,0.995
10m,emb_siglip2,Int8,original,4,1024,0.865,0.8945,0.995
10m,emb_siglip2,Int8,original,4,1152,0.88,0.9165,0.995
10m,emb_siglip2,Int8,original,5,128,0.455,0.456,0.875
10m,emb_siglip2,Int8,original,5,256,0.62,0.6685,0.985
10m,emb_siglip2,Int8,original,5,384,0.71,0.751,0.995
10m,emb_siglip2,Int8,original,5,512,0.735,0.791,0.995
10m,emb_siglip2,Int8,original,5,640,0.8,0.826,0.995
10m,emb_siglip2,Int8,original,5,768,0.82,0.849,0.995
10m,emb_siglip2,Int8,original,5,896,0.86,0.884,0.995
10m,emb_siglip2,Int8,original,5,1024,0.915,0.902,0.995
10m,emb_siglip2,Int8,original,5,1152,0.93,0.927,0.995
10m,emb_siglip2,Int8,original,6,128,0.44,0.4485,0.87
10m,emb_siglip2,Int8,original,6,256,0.65,0.6785,0.99
10m,emb_siglip2,Int8,original,6,384,0.71,0.753,0.995
10m,emb_siglip2,Int8,original,6,512,0.75,0.7945,0.995
10m,emb_siglip2,Int8,original,6,640,0.8,0.8315,0.995
10m,emb_siglip2,Int8,original,6,768,0.845,0.854,0.995
10m,emb_siglip2,Int8,original,6,896,0.855,0.889,0.995
10m,emb_siglip2,Int8,original,6,1024,0.915,0.907,0.995
10m,emb_siglip2,Int8,original,6,1152,0.94,0.933,0.995
10m,emb_siglip2,Int8,original,7,128,0.43,0.444,0.855
10m,emb_siglip2,Int8,original,7,256,0.645,0.673,0.99
10m,emb_siglip2,Int8,original,7,384,0.72,0.755,0.995
10m,emb_siglip2,Int8,original,7,512,0.735,0.7915,0.995
10m,emb_siglip2,Int8,original,7,640,0.795,0.8305,0.995
10m,emb_siglip2,Int8,original,7,768,0.845,0.8585,0.995
10m,emb_siglip2,Int8,original,7,896,0.865,0.888,0.995
10m,emb_siglip2,Int8,original,7,1024,0.905,0.9105,0.995
10m,emb_siglip2,Int8,original,7,1152,0.95,0.936,0.995
10m,emb_siglip2,Int8,original,8,128,0.405,0.4345,0.855
10m,emb_siglip2,Int8,original,8,256,0.64,0.67,0.99
10m,emb_siglip2,Int8,original,8,384,0.705,0.7555,0.995
10m,emb_siglip2,Int8,original,8,512,0.73,0.79,0.995
10m,emb_siglip2,Int8,original,8,640,0.79,0.832,0.995
10m,emb_siglip2,Int8,original,8,768,0.83,0.859,0.995
10m,emb_siglip2,Int8,original,8,896,0.87,0.891,0.995
10m,emb_siglip2,Int8,original,8,1024,0.92,0.913,0.995
10m,emb_siglip2,Int8,original,8,1152,0.95,0.9405,0.995
10m,emb_siglip2,Int8,rotated,1,128,0.255,0.267,0.56
10m,emb_siglip2,Int8,rotated,1,256,0.375,0.453,0.795
10m,emb_siglip2,Int8,rotated,1,384,0.495,0.5365,0.875
10m,emb_siglip2,Int8,rotated,1,512,0.555,0.5945,0.95
10m,emb_siglip2,Int8,rotated,1,640,0.605,0.6465,0.975
10m,emb_siglip2,Int8,rotated,1,768,0.635,0.676,0.995
10m,emb_siglip2,Int8,rotated,1,896,0.675,0.7,0.995
10m,emb_siglip2,Int8,rotated,1,1024,0.71,0.7245,0.99
10m,emb_siglip2,Int8,rotated,1,1152,0.735,0.728,0.99
10m,emb_siglip2,Int8,rotated,1,1280,0.725,0.733,0.99
10m,emb_siglip2,Int8,rotated,1,1408,0.725,0.741,0.99
10m,emb_siglip2,Int8,rotated,1,1536,0.76,0.755,0.99
10m,emb_siglip2,Int8,rotated,1,1664,0.755,0.769,0.995
10m,emb_siglip2,Int8,rotated,1,1792,0.76,0.778,0.995
10m,emb_siglip2,Int8,rotated,1,1920,0.745,0.7785,0.995
10m,emb_siglip2,Int8,rotated,1,2048,0.765,0.7835,0.995
10m,emb_siglip2,Int8,rotated,2,128,0.43,0.456,0.82
10m,emb_siglip2,Int8,rotated,2,256,0.6,0.621,0.96
10m,emb_siglip2,Int8,rotated,2,384,0.69,0.697,0.985
10m,emb_siglip2,Int8,rotated,2,512,0.755,0.756,0.995
10m,emb_siglip2,Int8,rotated,2,640,0.76,0.7905,0.995
10m,emb_siglip2,Int8,rotated,2,768,0.79,0.81,0.995
10m,emb_siglip2,Int8,rotated,2,896,0.79,0.8325,0.995
10m,emb_siglip2,Int8,rotated,2,1024,0.825,0.8465,0.995
10m,emb_siglip2,Int8,rotated,2,1152,0.825,0.8445,0.995
10m,emb_siglip2,Int8,rotated,2,1280,0.84,0.8535,0.995
10m,emb_siglip2,Int8,rotated,2,1408,0.83,0.8565,0.995
10m,emb_siglip2,Int8,rotated,2,1536,0.825,0.865,0.995
10m,emb_siglip2,Int8,rotated,2,1664,0.825,0.872,0.995
10m,emb_siglip2,Int8,rotated,2,1792,0.85,0.8735,0.995
10m,emb_siglip2,Int8,rotated,2,1920,0.875,0.8855,0.995
10m,emb_siglip2,Int8,rotated,2,2048,0.87,0.8925,0.995
10m,emb_siglip2,Int8,rotated,3,128,0.505,0.5155,0.87
10m,emb_siglip2,Int8,rotated,3,256,0.665,0.681,0.995
10m,emb_siglip2,Int8,rotated,3,384,0.72,0.7425,0.995
10m,emb_siglip2,Int8,rotated,3,512,0.795,0.791,0.995
10m,emb_siglip2,Int8,rotated,3,640,0.815,0.825,0.995
10m,emb_siglip2,Int8,rotated,3,768,0.845,0.853,0.995
10m,emb_siglip2,Int8,rotated,3,896,0.86,0.864,0.995
10m,emb_siglip2,Int8,rotated,3,1024,0.87,0.878,0.995
10m,emb_siglip2,Int8,rotated,3,1152,0.88,0.8865,0.995
10m,emb_siglip2,Int8,rotated,3,1280,0.89,0.8885,0.995
10m,emb_siglip2,Int8,rotated,3,1408,0.9,0.8885,0.995
10m,emb_siglip2,Int8,rotated,3,1536,0.905,0.902,0.995
10m,emb_siglip2,Int8,rotated,3,1664,0.9,0.91,0.995
10m,emb_siglip2,Int8,rotated,3,1792,0.91,0.915,0.995
10m,emb_siglip2,Int8,rotated,3,1920,0.92,0.9295,0.995
10m,emb_siglip2,Int8,rotated,3,2048,0.935,0.933,0.995
10m,emb_siglip2,Int8,rotated,4,128,0.565,0.548,0.9
10m,emb_siglip2,Int8,rotated,4,256,0.675,0.713,0.995
10m,emb_siglip2,Int8,rotated,4,384,0.74,0.7635,0.995
10m,emb_siglip2,Int8,rotated,4,512,0.785,0.81,0.995
10m,emb_siglip2,Int8,rotated,4,640,0.84,0.8435,0.995
10m,emb_siglip2,Int8,rotated,4,768,0.855,0.8705,0.995
10m,emb_siglip2,Int8,rotated,4,896,0.875,0.8865,0.995
10m,emb_siglip2,Int8,rotated,4,1024,0.875,0.908,0.995
10m,emb_siglip2,Int8,rotated,4,1152,0.855,0.9075,0.995
10m,emb_siglip2,Int8,rotated,4,1280,0.865,0.914,0.995
10m,emb_siglip2,Int8,rotated,4,1408,0.89,0.9165,0.995
10m,emb_siglip2,Int8,rotated,4,1536,0.915,0.924,0.995
10m,emb_siglip2,Int8,rotated,4,1664,0.915,0.929,0.995
10m,emb_siglip2,Int8,rotated,4,1792,0.92,0.934,0.995
10m,emb_siglip2,Int8,rotated,4,1920,0.92,0.9475,0.995
10m,emb_siglip2,Int8,rotated,4,2048,0.925,0.9525,0.995
10m,emb_siglip2,Int8,rotated,5,128,0.585,0.5665,0.89
10m,emb_siglip2,Int8,rotated,5,256,0.665,0.7225,0.995
10m,emb_siglip2,Int8,rotated,5,384,0.745,0.779,0.995
10m,emb_siglip2,Int8,rotated,5,512,0.815,0.822,0.995
10m,emb_siglip2,Int8,rotated,5,640,0.865,0.8515,0.995
10m,emb_siglip2,Int8,rotated,5,768,0.875,0.881,0.995
10m,emb_siglip2,Int8,rotated,5,896,0.905,0.896,0.995
10m,emb_siglip2,Int8,rotated,5,1024,0.91,0.9135,0.995
10m,emb_siglip2,Int8,rotated,5,1152,0.9,0.911,0.995
10m,emb_siglip2,Int8,rotated,5,1280,0.905,0.921,0.995
10m,emb_siglip2,Int8,rotated,5,1408,0.925,0.9275,0.995
10m,emb_siglip2,Int8,rotated,5,1536,0.93,0.933,0.995
10m,emb_siglip2,Int8,rotated,5,1664,0.925,0.9395,0.995
10m,emb_siglip2,Int8,rotated,5,1792,0.94,0.945,0.995
10m,emb_siglip2,Int8,rotated,5,1920,0.95,0.9605,0.995
10m,emb_siglip2,Int8,rotated,5,2048,0.965,0.9725,0.995
10m,emb_siglip2,Int8,rotated,6,128,0.585,0.5735,0.9
10m,emb_siglip2,Int8,rotated,6,256,0.685,0.7305,0.995
10m,emb_siglip2,Int8,rotated,6,384,0.755,0.7795,0.995
10m,emb_siglip2,Int8,rotated,6,512,0.82,0.823,0.995
10m,emb_siglip2,Int8,rotated,6,640,0.85,0.8525,0.995
10m,emb_siglip2,Int8,rotated,6,768,0.87,0.8795,0.995
10m,emb_siglip2,Int8,rotated,6,896,0.895,0.8995,0.995
10m,emb_siglip2,Int8,rotated,6,1024,0.92,0.913,0.995
10m,emb_siglip2,Int8,rotated,6,1152,0.905,0.918,0.995
10m,emb_siglip2,Int8,rotated,6,1280,0.92,0.923,0.995
10m,emb_siglip2,Int8,rotated,6,1408,0.92,0.9295,0.995
10m,emb_siglip2,Int8,rotated,6,1536,0.93,0.935,0.995
10m,emb_siglip2,Int8,rotated,6,1664,0.94,0.945,0.995
10m,emb_siglip2,Int8,rotated,6,1792,0.965,0.9515,0.995
10m,emb_siglip2,Int8,rotated,6,1920,0.955,0.9655,0.995
10m,emb_siglip2,Int8,rotated,6,2048,0.98,0.986,0.995
10m,emb_siglip2,Int8,rotated,7,128,0.585,0.5785,0.905
10m,emb_siglip2,Int8,rotated,7,256,0.68,0.734,0.995
10m,emb_siglip2,Int8,rotated,7,384,0.755,0.782,0.995
10m,emb_siglip2,Int8,rotated,7,512,0.81,0.828,0.995
10m,emb_siglip2,Int8,rotated,7,640,0.845,0.8535,0.995
10m,emb_siglip2,Int8,rotated,7,768,0.88,0.882,0.995
10m,emb_siglip2,Int8,rotated,7,896,0.895,0.8995,0.995
10m,emb_siglip2,Int8,rotated,7,1024,0.91,0.919,0.995
10m,emb_siglip2,Int8,rotated,7,1152,0.895,0.9185,0.995
10m,emb_siglip2,Int8,rotated,7,1280,0.91,0.922,0.995
10m,emb_siglip2,Int8,rotated,7,1408,0.915,0.931,0.995
10m,emb_siglip2,Int8,rotated,7,1536,0.935,0.9355,0.995
10m,emb_siglip2,Int8,rotated,7,1664,0.95,0.9445,0.995
10m,emb_siglip2,Int8,rotated,7,1792,0.96,0.9555,0.995
10m,emb_siglip2,Int8,rotated,7,1920,0.96,0.966,0.995
10m,emb_siglip2,Int8,rotated,7,2048,0.985,0.9915,0.995
10m,emb_siglip2,Int8,rotated,8,128,0.6,0.577,0.9
10m,emb_siglip2,Int8,rotated,8,256,0.69,0.734,0.995
10m,emb_siglip2,Int8,rotated,8,384,0.765,0.7845,0.995
10m,emb_siglip2,Int8,rotated,8,512,0.805,0.8295,0.995
10m,emb_siglip2,Int8,rotated,8,640,0.845,0.855,0.995
10m,emb_siglip2,Int8,rotated,8,768,0.88,0.8805,0.995
10m,emb_siglip2,Int8,rotated,8,896,0.895,0.9,0.995
10m,emb_siglip2,Int8,rotated,8,1024,0.925,0.918,0.995
10m,emb_siglip2,Int8,rotated,8,1152,0.895,0.9185,0.995
10m,emb_siglip2,Int8,rotated,8,1280,0.92,0.9205,0.995
10m,emb_siglip2,Int8,rotated,8,1408,0.91,0.9305,0.995
10m,emb_siglip2,Int8,rotated,8,1536,0.94,0.9345,0.995
10m,emb_siglip2,Int8,rotated,8,1664,0.95,0.9415,0.995
10m,emb_siglip2,Int8,rotated,8,1792,0.965,0.953,0.995
10m,emb_siglip2,Int8,rotated,8,1920,0.955,0.9675,0.995
10m,emb_siglip2,Int8,rotated,8,2048,0.985,0.995,0.995
